RecordingTimestamp	FixationIndex	SaccadeIndex	GazeEventType	GazeEventDuration	FixationPointX (ADCSpx)	FixationPointY (ADCSpx)	GazePointX (ADCSpx)	GazePointY (ADCSpx)	FixationPointX (MCSpx)	FixationPointY (MCSpx)	GazePointX (MCSpx)	GazePointY (MCSpx)
7	25		Fixation	1600	688	395	687	395	0.502	0.501	0.500	0.501
40	25		Fixation	1600	688	395	686	397	0.502	0.501	0.499	0.506
73	25		Fixation	1600	688	395	688	395	0.502	0.501	0.502	0.501
107	25		Fixation	1600	688	395	690	394	0.502	0.501	0.506	0.499
140	25		Fixation	1600	688	395	688	394	0.502	0.501	0.502	0.499
173	25		Fixation	1600	688	395	685	394	0.502	0.501	0.497	0.499
207	25		Fixation	1600	688	395	682	391	0.502	0.501	0.491	0.491
240	25		Fixation	1600	688	395	686	393	0.502	0.501	0.499	0.496
273	25		Fixation	1600	688	395	683	392	0.502	0.501	0.493	0.494
307	25		Fixation	1600	688	395	683	389	0.502	0.501	0.493	0.486
340	25		Fixation	1600	688	395	683	389	0.502	0.501	0.493	0.486
373	25		Fixation	1600	688	395	685	390	0.502	0.501	0.497	0.489
407	25		Fixation	1600	688	395	686	393	0.502	0.501	0.499	0.496
440	25		Fixation	1600	688	395	692	394	0.502	0.501	0.510	0.499
473	25		Fixation	1600	688	395	693	393	0.502	0.501	0.512	0.496
507	25		Fixation	1600	688	395	691	395	0.502	0.501	0.508	0.501
540	25		Fixation	1600	688	395	688	396	0.502	0.501	0.502	0.504
573	25		Fixation	1600	688	395	687	395	0.502	0.501	0.500	0.501
607	25		Fixation	1600	688	395	688	395	0.502	0.501	0.502	0.501
640	25		Fixation	1600	688	395	690	399	0.502	0.501	0.506	0.511
673	25		Fixation	1600	688	395	684	403	0.502	0.501	0.495	0.522
707	25		Fixation	1600	688	395	685	405	0.502	0.501	0.497	0.527
740	25		Fixation	1600	688	395	689	400	0.502	0.501	0.504	0.514
773	25		Fixation	1600	688	395	692	397	0.502	0.501	0.510	0.506
807	25		Fixation	1600	688	395	693	394	0.502	0.501	0.512	0.499
840	25		Fixation	1600	688	395	692	393	0.502	0.501	0.510	0.496
873	25		Fixation	1600	688	395	693	392	0.502	0.501	0.512	0.494
907	25		Fixation	1600	688	395	689	393	0.502	0.501	0.504	0.496
940	25		Fixation	1600	688	395	692	398	0.502	0.501	0.510	0.509
973	25		Fixation	1600	688	395	690	396	0.502	0.501	0.506	0.504
1007	25		Fixation	1600	688	395	691	394	0.502	0.501	0.508	0.499
1040	25		Fixation	1600	688	395	692	395	0.502	0.501	0.510	0.501
1073	25		Fixation	1600	688	395	692	395	0.502	0.501	0.510	0.501
1107	25		Fixation	1600	688	395	691	396	0.502	0.501	0.508	0.504
1140	25		Fixation	1600	688	395	693	395	0.502	0.501	0.512	0.501
1173	25		Fixation	1600	688	395	697	395	0.502	0.501	0.520	0.501
1207	25		Fixation	1600	688	395	693	394	0.502	0.501	0.512	0.499
1240	25		Fixation	1600	688	395	693	399	0.502	0.501	0.512	0.512
1273	25		Fixation	1600	688	395	693	398	0.502	0.501	0.512	0.509
1307		35	Saccade	33			675	384			0.478	0.473
1340			Unclassified	167								
1373			Unclassified	167								
1407			Unclassified	167								
1440			Unclassified	167								
1473			Unclassified	167								
1507			Unclassified	33			676	407			0.479	0.532
1540		36	Saccade	33			680	380			0.487	0.463
1573			Unclassified	33			682	378			0.491	0.458
1607		37	Saccade	33			683	388			0.493	0.483
1640	26		Fixation	867	687	390	683	393	0.501	0.489	0.493	0.496
1673	26		Fixation	867	687	390	682	398	0.501	0.489	0.491	0.509
1707	26		Fixation	867	687	390	684	399	0.501	0.489	0.495	0.511
1740	26		Fixation	867	687	390	685	397	0.501	0.489	0.497	0.506
1773	26		Fixation	867	687	390	683	395	0.501	0.489	0.493	0.501
1807	26		Fixation	867	687	390	685	392	0.501	0.489	0.497	0.494
1840	26		Fixation	867	687	390	685	391	0.501	0.489	0.497	0.491
1873	26		Fixation	867	687	390	681	387	0.501	0.489	0.489	0.481
1907	26		Fixation	867	687	390	681	385	0.501	0.489	0.489	0.476
1940	26		Fixation	867	687	390	685	387	0.501	0.489	0.497	0.481
1973	26		Fixation	867	687	390	682	385	0.501	0.489	0.491	0.476
2007	26		Fixation	867	687	390	685	386	0.501	0.489	0.497	0.478
2040	26		Fixation	867	687	390	686	385	0.501	0.489	0.499	0.476
2073	26		Fixation	867	687	390	686	386	0.501	0.489	0.499	0.478
2107	26		Fixation	867	687	390	691	388	0.501	0.489	0.508	0.484
2140	26		Fixation	867	687	390	689	387	0.501	0.489	0.504	0.481
2173	26		Fixation	867	687	390	689	390	0.501	0.489	0.504	0.489
2207	26		Fixation	867	687	390	690	391	0.501	0.489	0.506	0.491
2240	26		Fixation	867	687	390	694	392	0.501	0.489	0.514	0.494
2273	26		Fixation	867	687	390	693	387	0.501	0.489	0.512	0.481
2307	26		Fixation	867	687	390	693	389	0.501	0.489	0.512	0.486
2340	26		Fixation	867	687	390	693	388	0.501	0.489	0.512	0.484
2373	26		Fixation	867	687	390	697	388	0.501	0.489	0.520	0.484
2407	26		Fixation	867	687	390	694	388	0.501	0.489	0.514	0.484
2440	26		Fixation	867	687	390	689	389	0.501	0.489	0.504	0.486
2473	26		Fixation	867	687	390	679	387	0.501	0.489	0.485	0.481
2507			Unclassified	167								
2540			Unclassified	167								
2573			Unclassified	167								
2607			Unclassified	167								
2640			Unclassified	167								
2673			Unclassified	33			684	390			0.495	0.489
2707		38	Saccade	33			683	382			0.493	0.468
2740	27		Fixation	467	688	394	689	385	0.502	0.499	0.504	0.476
2773	27		Fixation	467	688	394	688	391	0.502	0.499	0.502	0.491
2807	27		Fixation	467	688	394	689	396	0.502	0.499	0.504	0.504
2840	27		Fixation	467	688	394	685	396	0.502	0.499	0.497	0.504
2873	27		Fixation	467	688	394	681	396	0.502	0.499	0.489	0.504
2907	27		Fixation	467	688	394	681	395	0.502	0.499	0.489	0.501
2940	27		Fixation	467	688	394	687	397	0.502	0.499	0.500	0.506
2973	27		Fixation	467	688	394	690	399	0.502	0.499	0.506	0.511
3007	27		Fixation	467	688	394	689	393	0.502	0.499	0.504	0.496
3040	27		Fixation	467	688	394	688	393	0.502	0.499	0.502	0.496
3073	27		Fixation	467	688	394	690	392	0.502	0.499	0.506	0.494
3107	27		Fixation	467	688	394	691	392	0.502	0.499	0.508	0.494
3140	27		Fixation	467	688	394	694	396	0.502	0.499	0.514	0.504
3173	27		Fixation	467	688	394	693	397	0.502	0.499	0.512	0.506
3207		39	Saccade	67			593	324			0.322	0.320
3240		39	Saccade	67			519	291			0.182	0.235
3273	28		Fixation	200	530	295	523	293	0.203	0.245	0.189	0.240
3307	28		Fixation	200	530	295	526	293	0.203	0.245	0.195	0.240
3340	28		Fixation	200	530	295	531	296	0.203	0.245	0.205	0.248
3373	28		Fixation	200	530	295	530	295	0.203	0.245	0.203	0.245
3407	28		Fixation	200	530	295	530	297	0.203	0.245	0.203	0.250
3440	28		Fixation	200	530	295	536	299	0.203	0.245	0.214	0.255
3473		40	Saccade	67			544	304			0.229	0.268
3507		40	Saccade	67			540	299			0.222	0.256
3540	29		Fixation	667	542	301	546	301	0.226	0.261	0.233	0.261
3573	29		Fixation	667	542	301	546	302	0.226	0.261	0.233	0.263
3607	29		Fixation	667	542	301	550	304	0.226	0.261	0.241	0.268
3640	29		Fixation	667	542	301	551	305	0.226	0.261	0.243	0.271
3673	29		Fixation	667	542	301	551	303	0.226	0.261	0.243	0.266
3707	29		Fixation	667	542	301	545	300	0.226	0.261	0.231	0.258
3740	29		Fixation	667	542	301	544	297	0.226	0.261	0.229	0.251
3773	29		Fixation	667	542	301	539	297	0.226	0.261	0.220	0.250
3807	29		Fixation	667	542	301	539	300	0.226	0.261	0.220	0.258
3840	29		Fixation	667	542	301	541	305	0.226	0.261	0.224	0.271
3873	29		Fixation	667	542	301	542	301	0.226	0.261	0.226	0.261
3907	29		Fixation	667	542	301	541	300	0.226	0.261	0.224	0.258
3940	29		Fixation	667	542	301	538	302	0.226	0.261	0.218	0.263
3973	29		Fixation	667	542	301	538	303	0.226	0.261	0.218	0.266
4007	29		Fixation	667	542	301	535	306	0.226	0.261	0.212	0.273
4040	29		Fixation	667	542	301	535	301	0.226	0.261	0.212	0.261
4073	29		Fixation	667	542	301	536	300	0.226	0.261	0.214	0.258
4107	29		Fixation	667	542	301	538	299	0.226	0.261	0.218	0.256
4140	29		Fixation	667	542	301	535	299	0.226	0.261	0.212	0.255
4173	29		Fixation	667	542	301	540	299	0.226	0.261	0.222	0.256
4207		41	Saccade	100			539	294			0.220	0.243
4240		41	Saccade	100			537	304			0.216	0.268
4273		41	Saccade	100			534	298			0.210	0.253
4307	30		Fixation	1100	536	297	534	300	0.214	0.250	0.210	0.258
4340	30		Fixation	1100	536	297	535	300	0.214	0.250	0.212	0.258
4373	30		Fixation	1100	536	297	539	300	0.214	0.250	0.220	0.258
4407	30		Fixation	1100	536	297	540	299	0.214	0.250	0.222	0.256
4440	30		Fixation	1100	536	297	540	300	0.214	0.250	0.222	0.258
4473	30		Fixation	1100	536	297	540	299	0.214	0.250	0.222	0.256
4507	30		Fixation	1100	536	297	539	300	0.214	0.250	0.220	0.258
4540	30		Fixation	1100	536	297	539	298	0.214	0.250	0.220	0.253
4573	30		Fixation	1100	536	297	538	298	0.214	0.250	0.218	0.253
4607	30		Fixation	1100	536	297	538	297	0.214	0.250	0.218	0.250
4640	30		Fixation	1100	536	297	535	298	0.214	0.250	0.212	0.253
4673	30		Fixation	1100	536	297	535	294	0.214	0.250	0.212	0.243
4707	30		Fixation	1100	536	297	534	294	0.214	0.250	0.210	0.243
4740	30		Fixation	1100	536	297	535	296	0.214	0.250	0.212	0.248
4773	30		Fixation	1100	536	297	535	296	0.214	0.250	0.212	0.248
4807	30		Fixation	1100	536	297	533	296	0.214	0.250	0.208	0.248
4840	30		Fixation	1100	536	297	534	298	0.214	0.250	0.210	0.253
4873	30		Fixation	1100	536	297	533	297	0.214	0.250	0.208	0.250
4907	30		Fixation	1100	536	297	533	299	0.214	0.250	0.208	0.255
4940	30		Fixation	1100	536	297	535	298	0.214	0.250	0.212	0.253
4973	30		Fixation	1100	536	297	536	299	0.214	0.250	0.214	0.255
5007	30		Fixation	1100	536	297	533	299	0.214	0.250	0.208	0.255
5040	30		Fixation	1100	536	297	534	295	0.214	0.250	0.210	0.245
5073	30		Fixation	1100	536	297	531	294	0.214	0.250	0.205	0.243
5107	30		Fixation	1100	536	297	532	293	0.214	0.250	0.207	0.240
5140	30		Fixation	1100	536	297	533	292	0.214	0.250	0.208	0.238
5173	30		Fixation	1100	536	297	533	296	0.214	0.250	0.208	0.248
5207	30		Fixation	1100	536	297	535	296	0.214	0.250	0.212	0.248
5240	30		Fixation	1100	536	297	535	298	0.214	0.250	0.212	0.253
5273	30		Fixation	1100	536	297	536	300	0.214	0.250	0.214	0.258
5307	30		Fixation	1100	536	297	536	300	0.214	0.250	0.214	0.258
5340	30		Fixation	1100	536	297	537	298	0.214	0.250	0.216	0.253
5373	30		Fixation	1100	536	297	539	299	0.214	0.250	0.220	0.256
5407		42	Saccade	67			542	308			0.225	0.278
5440		42	Saccade	67			541	300			0.224	0.258
5473	31		Fixation	233	540	296	542	300	0.222	0.248	0.226	0.258
5507	31		Fixation	233	540	296	539	298	0.222	0.248	0.220	0.253
5540	31		Fixation	233	540	296	537	298	0.222	0.248	0.216	0.253
5573	31		Fixation	233	540	296	537	294	0.222	0.248	0.216	0.243
5607	31		Fixation	233	540	296	538	296	0.222	0.248	0.218	0.248
5640	31		Fixation	233	540	296	541	295	0.222	0.248	0.224	0.245
5673	31		Fixation	233	540	296	542	292	0.222	0.248	0.226	0.238
5707		43	Saccade	200			545	300			0.231	0.258
5740		43	Saccade	200			548	295			0.237	0.246
5773		43	Saccade	200			550	304			0.241	0.268
5807		43	Saccade	200			557	311			0.254	0.286
5840		43	Saccade	200			557	302			0.254	0.263
5873		43	Saccade	200			557	309			0.254	0.281
5907			Unclassified	33			559	310			0.258	0.284
5940		44	Saccade	33			552	306			0.245	0.273
5973	32		Fixation	200	553	303	556	305	0.246	0.266	0.252	0.271
6007	32		Fixation	200	553	303	552	303	0.246	0.266	0.245	0.266
6040	32		Fixation	200	553	303	552	302	0.246	0.266	0.245	0.263
6073	32		Fixation	200	553	303	554	303	0.246	0.266	0.248	0.266
6107	32		Fixation	200	553	303	553	301	0.246	0.266	0.246	0.261
6140	32		Fixation	200	553	303	552	301	0.246	0.266	0.245	0.261
6173		45	Saccade	100			541	306			0.224	0.273
6207		45	Saccade	100			795	311			0.707	0.290
6240		45	Saccade	100			821	307			0.757	0.280
6273	33		Fixation	367	831	313	828	307	0.775	0.295	0.770	0.280
6307	33		Fixation	367	831	313	833	311	0.775	0.295	0.779	0.290
6340	33		Fixation	367	831	313	833	311	0.775	0.295	0.779	0.290
6373	33		Fixation	367	831	313	822	312	0.775	0.295	0.758	0.293
6407	33		Fixation	367	831	313	827	313	0.775	0.295	0.768	0.295
6440	33		Fixation	367	831	313	828	312	0.775	0.295	0.770	0.293
6473	33		Fixation	367	831	313	832	314	0.775	0.295	0.777	0.298
6507	33		Fixation	367	831	313	835	315	0.775	0.295	0.783	0.300
6540	33		Fixation	367	831	313	836	314	0.775	0.295	0.785	0.298
6573	33		Fixation	367	831	313	837	317	0.775	0.295	0.787	0.306
6607	33		Fixation	367	831	313	826	314	0.775	0.295	0.766	0.298
6640		46	Saccade	67			833	288			0.780	0.232
6673		46	Saccade	67			826	297			0.766	0.255
6707	34		Fixation	133	828	298	830	300	0.770	0.257	0.774	0.262
6740	34		Fixation	133	828	298	832	301	0.770	0.257	0.778	0.265
6773	34		Fixation	133	828	298	833	299	0.770	0.257	0.779	0.260
6807	34		Fixation	133	828	298	817	291	0.770	0.257	0.749	0.239
6840			Unclassified	100								
6873			Unclassified	100								
6907			Unclassified	100								
6940			Unclassified	33			829	361			0.771	0.417
6973		47	Saccade	33			824	307			0.762	0.280
7007	35		Fixation	1550	833	307	835	303	0.779	0.280	0.783	0.270
7040	35		Fixation	1550	833	307	822	303	0.779	0.280	0.758	0.270
7073	35		Fixation	1550	833	307	821	304	0.779	0.280	0.757	0.272
7107	35		Fixation	1550	833	307	822	303	0.779	0.280	0.758	0.270
7140	35		Fixation	1550	833	307	823	303	0.779	0.280	0.760	0.270
7173	35		Fixation	1550	833	307	828	305	0.779	0.280	0.770	0.275
7207	35		Fixation	1550	833	307	831	303	0.779	0.280	0.776	0.270
7240	35		Fixation	1550	833	307	834	308	0.779	0.280	0.781	0.283
7273	35		Fixation	1550	833	307	833	308	0.779	0.280	0.779	0.283
7307	35		Fixation	1550	833	307	832	309	0.779	0.280	0.777	0.285
7340	35		Fixation	1550	833	307	833	307	0.779	0.280	0.779	0.280
7373	35		Fixation	1550	833	307	831	307	0.779	0.280	0.776	0.280
7407	35		Fixation	1550	833	307	832	305	0.779	0.280	0.777	0.275
7440	35		Fixation	1550	833	307	832	305	0.779	0.280	0.777	0.275
7473	35		Fixation	1550	833	307	832	304	0.779	0.280	0.778	0.273
7507	35		Fixation	1550	833	307	835	307	0.779	0.280	0.783	0.280
7540	35		Fixation	1550	833	307	832	306	0.779	0.280	0.777	0.278
7573	35		Fixation	1550	833	307	832	307	0.779	0.280	0.777	0.280
7607	35		Fixation	1550	833	307	833	311	0.779	0.280	0.779	0.290
7640	35		Fixation	1550	833	307	834	309	0.779	0.280	0.781	0.285
7673	35		Fixation	1550	833	307	830	310	0.779	0.280	0.774	0.288
7707	35		Fixation	1550	833	307	831	306	0.779	0.280	0.776	0.278
7740	35		Fixation	1550	833	307	830	305	0.779	0.280	0.774	0.275
7773	35		Fixation	1550	833	307	831	303	0.779	0.280	0.776	0.270
7807	35		Fixation	1550	833	307	830	304	0.779	0.280	0.774	0.272
7840	35		Fixation	1550	833	307	834	307	0.779	0.280	0.781	0.280
7873	35		Fixation	1550	833	307	835	304	0.779	0.280	0.783	0.273
7907	35		Fixation	1550	833	307	834	303	0.779	0.280	0.781	0.270
7940	35		Fixation	1550	833	307	839	304	0.779	0.280	0.791	0.273
7973	35		Fixation	1550	833	307	840	307	0.779	0.280	0.793	0.280
8007	35		Fixation	1550	833	307	839	306	0.779	0.280	0.791	0.278
8040	35		Fixation	1550	833	307	838	305	0.779	0.280	0.789	0.275
8073	35		Fixation	1550	833	307	840	308	0.779	0.280	0.793	0.283
8107	35		Fixation	1550	833	307	837	307	0.779	0.280	0.787	0.280
8140	35		Fixation	1550	833	307	838	309	0.779	0.280	0.789	0.285
8173	35		Fixation	1550	833	307	835	308	0.779	0.280	0.783	0.283
8207	35		Fixation	1550	833	307	836	308	0.779	0.280	0.785	0.283
8240	35		Fixation	1550	833	307	839	311	0.779	0.280	0.791	0.290
8273	35		Fixation	1550	833	307	839	308	0.779	0.280	0.791	0.283
8307	35		Fixation	1550	833	307	840	313	0.779	0.280	0.793	0.295
8340	35		Fixation	1550	833	307	840	311	0.779	0.280	0.793	0.290
8373	35		Fixation	1550	833	307	833	306	0.779	0.280	0.779	0.278
8407	35		Fixation	1550	833	307	834	310	0.779	0.280	0.781	0.288
8440	35		Fixation	1550	833	307	834	313	0.779	0.280	0.781	0.295
8473	35		Fixation	1550	833	307	833	313	0.779	0.280	0.779	0.295
8507	35		Fixation	1550	833	307	834	310	0.779	0.280	0.781	0.288
8540	35		Fixation	1550	833	307	837	311	0.779	0.280	0.787	0.290
8607			Unclassified	17			838	308			0.789	0.283
8640			Unclassified	50			836	308			0.785	0.283
8673			Unclassified	50			837	309			0.787	0.285
8740			Unclassified	17			838	309			0.789	0.285
8773			Unclassified	50			838	308			0.789	0.283
8807			Unclassified	50			838	308			0.789	0.283
8873			Unclassified	17			839	312			0.791	0.293
8907			Unclassified	50			841	313			0.795	0.295
8940			Unclassified	50			838	312			0.789	0.293
9007			Unclassified	17			833	313			0.779	0.295
9040	36		Fixation	167	828	312	829	312	0.770	0.293	0.772	0.293
9073	36		Fixation	167	828	312	826	312	0.770	0.293	0.766	0.293
9107	36		Fixation	167	828	312	828	313	0.770	0.293	0.770	0.295
9140	36		Fixation	167	828	312	830	312	0.770	0.293	0.774	0.293
9173	36		Fixation	167	828	312	829	312	0.770	0.293	0.772	0.293
9207		48	Saccade	67			836	334			0.785	0.349
9240		48	Saccade	67			827	498			0.766	0.765
9273	37		Fixation	733	816	492	822	487	0.745	0.749	0.756	0.737
9307	37		Fixation	733	816	492	819	488	0.745	0.749	0.751	0.739
9340	37		Fixation	733	816	492	814	487	0.745	0.749	0.741	0.737
9373	37		Fixation	733	816	492	812	492	0.745	0.749	0.737	0.749
9407	37		Fixation	733	816	492	813	495	0.745	0.749	0.739	0.757
9440	37		Fixation	733	816	492	812	488	0.745	0.749	0.737	0.739
9473	37		Fixation	733	816	492	814	487	0.745	0.749	0.741	0.737
9507	37		Fixation	733	816	492	816	486	0.745	0.749	0.745	0.734
9540	37		Fixation	733	816	492	818	488	0.745	0.749	0.749	0.739
9573	37		Fixation	733	816	492	818	487	0.745	0.749	0.749	0.737
9607	37		Fixation	733	816	492	821	488	0.745	0.749	0.754	0.739
9640	37		Fixation	733	816	492	821	489	0.745	0.749	0.754	0.742
9673	37		Fixation	733	816	492	819	494	0.745	0.749	0.751	0.754
9707	37		Fixation	733	816	492	818	495	0.745	0.749	0.749	0.757
9740	37		Fixation	733	816	492	814	496	0.745	0.749	0.741	0.759
9773	37		Fixation	733	816	492	816	496	0.745	0.749	0.745	0.759
9807	37		Fixation	733	816	492	816	497	0.745	0.749	0.745	0.762
9840	37		Fixation	733	816	492	815	496	0.745	0.749	0.743	0.759
9873	37		Fixation	733	816	492	814	497	0.745	0.749	0.741	0.762
9907	37		Fixation	733	816	492	813	496	0.745	0.749	0.739	0.759
9940	37		Fixation	733	816	492	813	494	0.745	0.749	0.739	0.754
9973	37		Fixation	733	816	492	813	493	0.745	0.749	0.739	0.752
10007		49	Saccade	33			819	485			0.751	0.732
10040	38		Fixation	2100	817	486	819	482	0.747	0.734	0.751	0.724
10073	38		Fixation	2100	817	486	819	481	0.747	0.734	0.751	0.721
10107	38		Fixation	2100	817	486	821	484	0.747	0.734	0.755	0.729
10140	38		Fixation	2100	817	486	823	483	0.747	0.734	0.758	0.727
10173	38		Fixation	2100	817	486	816	488	0.747	0.734	0.745	0.739
10207	38		Fixation	2100	817	486	814	491	0.747	0.734	0.741	0.747
10240	38		Fixation	2100	817	486	813	491	0.747	0.734	0.739	0.747
10273	38		Fixation	2100	817	486	814	492	0.747	0.734	0.741	0.749
10307	38		Fixation	2100	817	486	814	491	0.747	0.734	0.741	0.747
10340	38		Fixation	2100	817	486	815	488	0.747	0.734	0.743	0.739
10373	38		Fixation	2100	817	486	816	490	0.747	0.734	0.745	0.744
10407	38		Fixation	2100	817	486	814	486	0.747	0.734	0.741	0.734
10440	38		Fixation	2100	817	486	816	486	0.747	0.734	0.745	0.734
10473	38		Fixation	2100	817	486	817	487	0.747	0.734	0.747	0.737
10507	38		Fixation	2100	817	486	818	485	0.747	0.734	0.749	0.732
10540	38		Fixation	2100	817	486	818	486	0.747	0.734	0.749	0.734
10573	38		Fixation	2100	817	486	818	486	0.747	0.734	0.749	0.734
10607	38		Fixation	2100	817	486	819	487	0.747	0.734	0.751	0.737
10640	38		Fixation	2100	817	486	819	487	0.747	0.734	0.751	0.737
10673	38		Fixation	2100	817	486	818	487	0.747	0.734	0.749	0.737
10707	38		Fixation	2100	817	486	819	485	0.747	0.734	0.751	0.732
10740	38		Fixation	2100	817	486	820	488	0.747	0.734	0.753	0.739
10773	38		Fixation	2100	817	486	819	486	0.747	0.734	0.751	0.734
10807	38		Fixation	2100	817	486	817	485	0.747	0.734	0.747	0.732
10840	38		Fixation	2100	817	486	819	486	0.747	0.734	0.751	0.734
10873	38		Fixation	2100	817	486	818	485	0.747	0.734	0.749	0.732
10907	38		Fixation	2100	817	486	818	485	0.747	0.734	0.749	0.732
10940	38		Fixation	2100	817	486	819	485	0.747	0.734	0.751	0.732
10973	38		Fixation	2100	817	486	818	483	0.747	0.734	0.749	0.726
11007	38		Fixation	2100	817	486	812	481	0.747	0.734	0.737	0.721
11040	38		Fixation	2100	817	486	810	480	0.747	0.734	0.734	0.719
11073	38		Fixation	2100	817	486	810	481	0.747	0.734	0.734	0.721
11107	38		Fixation	2100	817	486	807	482	0.747	0.734	0.728	0.724
11140	38		Fixation	2100	817	486	806	480	0.747	0.734	0.726	0.719
11173	38		Fixation	2100	817	486	808	479	0.747	0.734	0.730	0.716
11207	38		Fixation	2100	817	486	806	478	0.747	0.734	0.726	0.714
11240	38		Fixation	2100	817	486	806	479	0.747	0.734	0.726	0.716
11273	38		Fixation	2100	817	486	811	479	0.747	0.734	0.736	0.716
11307	38		Fixation	2100	817	486	814	484	0.747	0.734	0.741	0.729
11340	38		Fixation	2100	817	486	814	484	0.747	0.734	0.741	0.729
11373	38		Fixation	2100	817	486	815	484	0.747	0.734	0.743	0.729
11407	38		Fixation	2100	817	486	817	486	0.747	0.734	0.747	0.734
11440	38		Fixation	2100	817	486	818	490	0.747	0.734	0.749	0.744
11473	38		Fixation	2100	817	486	818	487	0.747	0.734	0.749	0.737
11507	38		Fixation	2100	817	486	818	487	0.747	0.734	0.749	0.737
11540	38		Fixation	2100	817	486	817	486	0.747	0.734	0.747	0.734
11573	38		Fixation	2100	817	486	820	486	0.747	0.734	0.753	0.734
11607	38		Fixation	2100	817	486	818	489	0.747	0.734	0.749	0.742
11640	38		Fixation	2100	817	486	820	488	0.747	0.734	0.753	0.739
11673	38		Fixation	2100	817	486	819	489	0.747	0.734	0.751	0.742
11707	38		Fixation	2100	817	486	821	489	0.747	0.734	0.754	0.742
11740	38		Fixation	2100	817	486	820	487	0.747	0.734	0.753	0.737
11773	38		Fixation	2100	817	486	820	489	0.747	0.734	0.753	0.742
11807	38		Fixation	2100	817	486	818	486	0.747	0.734	0.749	0.734
11840	38		Fixation	2100	817	486	823	490	0.747	0.734	0.758	0.744
11873	38		Fixation	2100	817	486	820	487	0.747	0.734	0.753	0.737
11907	38		Fixation	2100	817	486	816	485	0.747	0.734	0.745	0.732
11940	38		Fixation	2100	817	486	818	489	0.747	0.734	0.749	0.742
11973	38		Fixation	2100	817	486	818	489	0.747	0.734	0.749	0.742
12007	38		Fixation	2100	817	486	819	490	0.747	0.734	0.751	0.744
12040	38		Fixation	2100	817	486	818	491	0.747	0.734	0.749	0.747
12073	38		Fixation	2100	817	486	819	489	0.747	0.734	0.751	0.742
12107	38		Fixation	2100	817	486	817	488	0.747	0.734	0.747	0.739
12140		50	Saccade	67			693	482			0.511	0.722
12173		50	Saccade	67			563	482			0.263	0.720
12207			Unclassified	33			559	484			0.256	0.725
12240		51	Saccade	67			548	478			0.235	0.710
12273		51	Saccade	67			536	481			0.212	0.717
12307	39		Fixation	433	545	482	541	480	0.229	0.720	0.222	0.715
12340	39		Fixation	433	545	482	543	480	0.229	0.720	0.225	0.715
12373	39		Fixation	433	545	482	544	481	0.229	0.720	0.227	0.717
12407	39		Fixation	433	545	482	548	483	0.229	0.720	0.235	0.722
12440	39		Fixation	433	545	482	547	481	0.229	0.720	0.233	0.717
12473	39		Fixation	433	545	482	549	479	0.229	0.720	0.237	0.712
12507	39		Fixation	433	545	482	546	483	0.229	0.720	0.231	0.722
12540	39		Fixation	433	545	482	545	482	0.229	0.720	0.229	0.720
12573	39		Fixation	433	545	482	546	484	0.229	0.720	0.231	0.725
12607	39		Fixation	433	545	482	549	485	0.229	0.720	0.237	0.728
12640	39		Fixation	433	545	482	545	482	0.229	0.720	0.229	0.720
12673	39		Fixation	433	545	482	546	484	0.229	0.720	0.231	0.725
12707	39		Fixation	433	545	482	542	482	0.229	0.720	0.223	0.720
12740		52	Saccade	33			539	472			0.218	0.694
12773			Unclassified	200								
12807			Unclassified	200								
12840			Unclassified	200								
12873			Unclassified	200								
12907			Unclassified	200								
12940			Unclassified	200								
12973			Unclassified	33			532	472			0.205	0.694
13007	40		Fixation	483	541	482	530	470	0.222	0.720	0.201	0.689
13040	40		Fixation	483	541	482	538	477	0.222	0.720	0.216	0.707
13073	40		Fixation	483	541	482	539	476	0.222	0.720	0.218	0.705
13107	40		Fixation	483	541	482	540	480	0.222	0.720	0.220	0.715
13140	40		Fixation	483	541	482	541	484	0.222	0.720	0.222	0.725
13173	40		Fixation	483	541	482	540	484	0.222	0.720	0.220	0.725
13207	40		Fixation	483	541	482	539	487	0.222	0.720	0.218	0.733
13240	40		Fixation	483	541	482	539	487	0.222	0.720	0.218	0.733
13273	40		Fixation	483	541	482	541	489	0.222	0.720	0.222	0.738
13307	40		Fixation	483	541	482	540	488	0.222	0.720	0.220	0.735
13340	40		Fixation	483	541	482	543	486	0.222	0.720	0.225	0.730
13373	40		Fixation	483	541	482	546	485	0.222	0.720	0.231	0.728
13407	40		Fixation	483	541	482	548	484	0.222	0.720	0.235	0.725
13440	40		Fixation	483	541	482	548	479	0.222	0.720	0.235	0.712
13473	40		Fixation	483	541	482	548	477	0.222	0.720	0.235	0.707
13540			Unclassified	17			545	479			0.229	0.712
13573			Unclassified	50			549	481			0.237	0.717
13607			Unclassified	50			546	481			0.231	0.717
13673			Unclassified	17			545	479			0.229	0.712
13707	41		Fixation	1433	543	481	547	478	0.225	0.717	0.233	0.710
13740	41		Fixation	1433	543	481	546	480	0.225	0.717	0.231	0.715
13773	41		Fixation	1433	543	481	544	482	0.225	0.717	0.227	0.720
13807	41		Fixation	1433	543	481	544	484	0.225	0.717	0.227	0.725
13840	41		Fixation	1433	543	481	544	481	0.225	0.717	0.227	0.717
13873	41		Fixation	1433	543	481	546	481	0.225	0.717	0.231	0.717
13907	41		Fixation	1433	543	481	548	483	0.225	0.717	0.235	0.722
13940	41		Fixation	1433	543	481	546	482	0.225	0.717	0.231	0.720
13973	41		Fixation	1433	543	481	544	480	0.225	0.717	0.227	0.715
14007	41		Fixation	1433	543	481	543	481	0.225	0.717	0.225	0.717
14040	41		Fixation	1433	543	481	540	480	0.225	0.717	0.220	0.715
14073	41		Fixation	1433	543	481	539	479	0.225	0.717	0.218	0.712
14107	41		Fixation	1433	543	481	542	480	0.225	0.717	0.224	0.715
14140	41		Fixation	1433	543	481	543	481	0.225	0.717	0.225	0.717
14173	41		Fixation	1433	543	481	544	483	0.225	0.717	0.227	0.722
14207	41		Fixation	1433	543	481	544	483	0.225	0.717	0.227	0.722
14240	41		Fixation	1433	543	481	545	481	0.225	0.717	0.229	0.717
14273	41		Fixation	1433	543	481	546	480	0.225	0.717	0.231	0.715
14307	41		Fixation	1433	543	481	546	475	0.225	0.717	0.231	0.702
14340	41		Fixation	1433	543	481	546	479	0.225	0.717	0.231	0.712
14373	41		Fixation	1433	543	481	546	479	0.225	0.717	0.231	0.712
14407	41		Fixation	1433	543	481	548	481	0.225	0.717	0.235	0.717
14440	41		Fixation	1433	543	481	545	479	0.225	0.717	0.229	0.712
14473	41		Fixation	1433	543	481	547	482	0.225	0.717	0.233	0.720
14507	41		Fixation	1433	543	481	545	482	0.225	0.717	0.229	0.720
14540	41		Fixation	1433	543	481	544	481	0.225	0.717	0.227	0.717
14573	41		Fixation	1433	543	481	543	480	0.225	0.717	0.225	0.715
14607	41		Fixation	1433	543	481	543	480	0.225	0.717	0.225	0.715
14640	41		Fixation	1433	543	481	542	483	0.225	0.717	0.223	0.722
14673	41		Fixation	1433	543	481	538	484	0.225	0.717	0.216	0.725
14707	41		Fixation	1433	543	481	537	488	0.225	0.717	0.214	0.735
14740	41		Fixation	1433	543	481	538	486	0.225	0.717	0.216	0.730
14773	41		Fixation	1433	543	481	541	486	0.225	0.717	0.222	0.730
14807	41		Fixation	1433	543	481	539	486	0.225	0.717	0.218	0.730
14840	41		Fixation	1433	543	481	538	479	0.225	0.717	0.216	0.712
14873	41		Fixation	1433	543	481	540	483	0.225	0.717	0.220	0.722
14907	41		Fixation	1433	543	481	539	480	0.225	0.717	0.218	0.715
14940	41		Fixation	1433	543	481	538	482	0.225	0.717	0.216	0.720
14973	41		Fixation	1433	543	481	539	482	0.225	0.717	0.218	0.720
15007	41		Fixation	1433	543	481	541	481	0.225	0.717	0.222	0.717
15040	41		Fixation	1433	543	481	540	482	0.225	0.717	0.220	0.720
15073	41		Fixation	1433	543	481	540	481	0.225	0.717	0.220	0.717
15107	41		Fixation	1433	543	481	540	481	0.225	0.717	0.220	0.717
15140		53	Saccade	67			554	478			0.246	0.710
15173		53	Saccade	67			673	385			0.474	0.476
15207	42		Fixation	2933	688	392	672	391	0.502	0.494	0.472	0.491
15240	42		Fixation	2933	688	392	675	388	0.502	0.494	0.478	0.483
15273	42		Fixation	2933	688	392	675	385	0.502	0.494	0.478	0.476
15307	42		Fixation	2933	688	392	677	387	0.502	0.494	0.482	0.481
15340	42		Fixation	2933	688	392	680	389	0.502	0.494	0.487	0.486
15373	42		Fixation	2933	688	392	681	390	0.502	0.494	0.489	0.488
15407	42		Fixation	2933	688	392	682	393	0.502	0.494	0.491	0.496
15440	42		Fixation	2933	688	392	683	393	0.502	0.494	0.493	0.496
15473	42		Fixation	2933	688	392	684	393	0.502	0.494	0.495	0.496
15507	42		Fixation	2933	688	392	684	392	0.502	0.494	0.495	0.494
15540	42		Fixation	2933	688	392	684	395	0.502	0.494	0.495	0.501
15573	42		Fixation	2933	688	392	684	395	0.502	0.494	0.495	0.501
15607	42		Fixation	2933	688	392	684	394	0.502	0.494	0.495	0.499
15640	42		Fixation	2933	688	392	686	393	0.502	0.494	0.499	0.496
15673	42		Fixation	2933	688	392	687	394	0.502	0.494	0.500	0.499
15707	42		Fixation	2933	688	392	690	392	0.502	0.494	0.506	0.494
15740	42		Fixation	2933	688	392	687	388	0.502	0.494	0.501	0.484
15773	42		Fixation	2933	688	392	688	393	0.502	0.494	0.502	0.496
15807	42		Fixation	2933	688	392	688	389	0.502	0.494	0.502	0.486
15840	42		Fixation	2933	688	392	688	388	0.502	0.494	0.502	0.484
15873	42		Fixation	2933	688	392	686	389	0.502	0.494	0.499	0.486
15907	42		Fixation	2933	688	392	688	390	0.502	0.494	0.502	0.489
15940	42		Fixation	2933	688	392	686	391	0.502	0.494	0.499	0.491
15973	42		Fixation	2933	688	392	687	390	0.502	0.494	0.501	0.489
16007	42		Fixation	2933	688	392	691	393	0.502	0.494	0.508	0.496
16040	42		Fixation	2933	688	392	691	393	0.502	0.494	0.508	0.496
16073	42		Fixation	2933	688	392	689	392	0.502	0.494	0.504	0.494
16107	42		Fixation	2933	688	392	693	390	0.502	0.494	0.512	0.489
16140	42		Fixation	2933	688	392	689	390	0.502	0.494	0.504	0.489
16173	42		Fixation	2933	688	392	694	393	0.502	0.494	0.514	0.496
16207	42		Fixation	2933	688	392	689	390	0.502	0.494	0.504	0.489
16240	42		Fixation	2933	688	392	689	390	0.502	0.494	0.504	0.489
16273	42		Fixation	2933	688	392	692	389	0.502	0.494	0.510	0.486
16307	42		Fixation	2933	688	392	692	390	0.502	0.494	0.510	0.489
16340	42		Fixation	2933	688	392	686	390	0.502	0.494	0.499	0.489
16373	42		Fixation	2933	688	392	686	391	0.502	0.494	0.499	0.491
16407	42		Fixation	2933	688	392	685	388	0.502	0.494	0.497	0.483
16440	42		Fixation	2933	688	392	684	389	0.502	0.494	0.495	0.486
16473	42		Fixation	2933	688	392	685	391	0.502	0.494	0.497	0.491
16507	42		Fixation	2933	688	392	684	393	0.502	0.494	0.495	0.496
16540	42		Fixation	2933	688	392	688	390	0.502	0.494	0.502	0.489
16573	42		Fixation	2933	688	392	686	390	0.502	0.494	0.499	0.489
16607	42		Fixation	2933	688	392	687	391	0.502	0.494	0.501	0.491
16640	42		Fixation	2933	688	392	687	390	0.502	0.494	0.501	0.489
16673	42		Fixation	2933	688	392	687	391	0.502	0.494	0.501	0.491
16707	42		Fixation	2933	688	392	687	393	0.502	0.494	0.500	0.496
16740	42		Fixation	2933	688	392	689	398	0.502	0.494	0.504	0.509
16773	42		Fixation	2933	688	392	685	396	0.502	0.494	0.497	0.504
16807	42		Fixation	2933	688	392	685	395	0.502	0.494	0.497	0.501
16840	42		Fixation	2933	688	392	686	396	0.502	0.494	0.499	0.504
16873	42		Fixation	2933	688	392	689	395	0.502	0.494	0.504	0.501
16907	42		Fixation	2933	688	392	688	397	0.502	0.494	0.502	0.506
16940	42		Fixation	2933	688	392	691	398	0.502	0.494	0.508	0.509
16973	42		Fixation	2933	688	392	689	397	0.502	0.494	0.504	0.506
17007	42		Fixation	2933	688	392	690	400	0.502	0.494	0.506	0.514
17040	42		Fixation	2933	688	392	691	399	0.502	0.494	0.508	0.511
17073	42		Fixation	2933	688	392	688	396	0.502	0.494	0.502	0.504
17107	42		Fixation	2933	688	392	688	396	0.502	0.494	0.502	0.504
17140	42		Fixation	2933	688	392	688	393	0.502	0.494	0.502	0.496
17173	42		Fixation	2933	688	392	688	394	0.502	0.494	0.502	0.499
17207	42		Fixation	2933	688	392	689	392	0.502	0.494	0.504	0.494
17240	42		Fixation	2933	688	392	692	393	0.502	0.494	0.510	0.496
17273	42		Fixation	2933	688	392	688	391	0.502	0.494	0.502	0.491
17307	42		Fixation	2933	688	392	688	393	0.502	0.494	0.502	0.496
17340	42		Fixation	2933	688	392	691	393	0.502	0.494	0.508	0.496
17373	42		Fixation	2933	688	392	687	391	0.502	0.494	0.501	0.491
17407	42		Fixation	2933	688	392	688	394	0.502	0.494	0.502	0.499
17440	42		Fixation	2933	688	392	689	393	0.502	0.494	0.504	0.496
17473	42		Fixation	2933	688	392	688	395	0.502	0.494	0.502	0.501
17507	42		Fixation	2933	688	392	690	395	0.502	0.494	0.506	0.501
17540	42		Fixation	2933	688	392	691	392	0.502	0.494	0.508	0.494
17573	42		Fixation	2933	688	392	691	392	0.502	0.494	0.508	0.494
17607	42		Fixation	2933	688	392	693	391	0.502	0.494	0.512	0.491
17640	42		Fixation	2933	688	392	691	390	0.502	0.494	0.508	0.489
17673	42		Fixation	2933	688	392	690	390	0.502	0.494	0.506	0.489
17707	42		Fixation	2933	688	392	689	390	0.502	0.494	0.504	0.489
17740	42		Fixation	2933	688	392	691	391	0.502	0.494	0.508	0.491
17773	42		Fixation	2933	688	392	692	393	0.502	0.494	0.510	0.496
17807	42		Fixation	2933	688	392	690	389	0.502	0.494	0.506	0.486
17840	42		Fixation	2933	688	392	688	395	0.502	0.494	0.502	0.501
17873	42		Fixation	2933	688	392	688	392	0.502	0.494	0.502	0.494
17907	42		Fixation	2933	688	392	690	392	0.502	0.494	0.506	0.494
17940	42		Fixation	2933	688	392	691	391	0.502	0.494	0.508	0.491
17973	42		Fixation	2933	688	392	693	393	0.502	0.494	0.512	0.496
18007	42		Fixation	2933	688	392	694	394	0.502	0.494	0.514	0.499
18040	42		Fixation	2933	688	392	691	392	0.502	0.494	0.508	0.494
18073	42		Fixation	2933	688	392	692	392	0.502	0.494	0.510	0.494
18107	42		Fixation	2933	688	392	691	391	0.502	0.494	0.508	0.491
18140		54	Saccade	133			561	307			0.262	0.276
18173		54	Saccade	133			551	287			0.243	0.225
18207		54	Saccade	133			539	278			0.220	0.202
18240		54	Saccade	133			533	355			0.208	0.398
18273	43		Fixation	100	538	362			0.217	0.415		
18307	43		Fixation	100	538	362			0.217	0.415		
18340	43		Fixation	100	538	362	540	365	0.217	0.415	0.221	0.423
18373		55	Saccade	33			528	284			0.199	0.217
18407			Unclassified	33			527	282			0.197	0.212
18440		56	Saccade	33			532	291			0.207	0.235
18473			Unclassified	33			531	289			0.205	0.230
18507		57	Saccade	67			527	295			0.197	0.245
18540		57	Saccade	67			521	289			0.186	0.230
18573	44		Fixation	500	536	291	523	287	0.214	0.235	0.190	0.225
18607	44		Fixation	500	536	291	526	287	0.214	0.235	0.195	0.225
18640	44		Fixation	500	536	291	526	288	0.214	0.235	0.195	0.227
18673	44		Fixation	500	536	291	530	289	0.214	0.235	0.203	0.230
18707	44		Fixation	500	536	291	533	294	0.214	0.235	0.208	0.243
18740	44		Fixation	500	536	291	536	293	0.214	0.235	0.214	0.240
18773	44		Fixation	500	536	291	536	291	0.214	0.235	0.214	0.235
18807	44		Fixation	500	536	291	536	292	0.214	0.235	0.214	0.238
18840	44		Fixation	500	536	291	539	293	0.214	0.235	0.220	0.240
18873	44		Fixation	500	536	291	541	297	0.214	0.235	0.224	0.250
18907	44		Fixation	500	536	291	542	294	0.214	0.235	0.226	0.243
18940	44		Fixation	500	536	291	546	292	0.214	0.235	0.233	0.238
18973	44		Fixation	500	536	291	545	292	0.214	0.235	0.231	0.238
19007	44		Fixation	500	536	291	538	292	0.214	0.235	0.218	0.238
19040	44		Fixation	500	536	291	541	292	0.214	0.235	0.224	0.238
19073		58	Saccade	67			543	298			0.227	0.253
19107		58	Saccade	67			542	292			0.226	0.238
19140	45		Fixation	467	537	297	541	294	0.216	0.250	0.224	0.243
19173	45		Fixation	467	537	297	538	293	0.216	0.250	0.218	0.240
19207	45		Fixation	467	537	297	534	294	0.216	0.250	0.210	0.243
19240	45		Fixation	467	537	297	533	297	0.216	0.250	0.208	0.250
19273	45		Fixation	467	537	297	532	296	0.216	0.250	0.207	0.248
19307	45		Fixation	467	537	297	534	297	0.216	0.250	0.210	0.250
19340	45		Fixation	467	537	297	533	294	0.216	0.250	0.208	0.243
19373	45		Fixation	467	537	297	535	296	0.216	0.250	0.212	0.248
19407	45		Fixation	467	537	297	537	299	0.216	0.250	0.216	0.255
19440	45		Fixation	467	537	297	533	295	0.216	0.250	0.208	0.245
19473	45		Fixation	467	537	297	539	296	0.216	0.250	0.220	0.248
19507	45		Fixation	467	537	297	542	297	0.216	0.250	0.226	0.250
19540	45		Fixation	467	537	297	546	300	0.216	0.250	0.233	0.258
19573	45		Fixation	467	537	297	543	302	0.216	0.250	0.227	0.263
19607		59	Saccade	67			543	307			0.227	0.276
19640		59	Saccade	67			535	303			0.212	0.266
19673	46		Fixation	1467	535	301	538	301	0.212	0.261	0.218	0.261
19707	46		Fixation	1467	535	301	537	300	0.212	0.261	0.216	0.258
19740	46		Fixation	1467	535	301	537	302	0.212	0.261	0.216	0.263
19773	46		Fixation	1467	535	301	540	300	0.212	0.261	0.222	0.258
19807	46		Fixation	1467	535	301	536	301	0.212	0.261	0.214	0.261
19840	46		Fixation	1467	535	301	535	302	0.212	0.261	0.212	0.263
19873	46		Fixation	1467	535	301	533	304	0.212	0.261	0.208	0.268
19907	46		Fixation	1467	535	301	531	300	0.212	0.261	0.205	0.258
19940	46		Fixation	1467	535	301	531	300	0.212	0.261	0.205	0.258
19973	46		Fixation	1467	535	301	531	299	0.212	0.261	0.205	0.255
20007	46		Fixation	1467	535	301	530	298	0.212	0.261	0.203	0.253
20040	46		Fixation	1467	535	301	531	296	0.212	0.261	0.205	0.248
20073	46		Fixation	1467	535	301	535	300	0.212	0.261	0.212	0.258
20107	46		Fixation	1467	535	301	538	304	0.212	0.261	0.218	0.268
20140	46		Fixation	1467	535	301	536	303	0.212	0.261	0.214	0.266
20173	46		Fixation	1467	535	301	536	301	0.212	0.261	0.214	0.261
20207	46		Fixation	1467	535	301	536	302	0.212	0.261	0.214	0.263
20240	46		Fixation	1467	535	301	538	302	0.212	0.261	0.218	0.263
20273	46		Fixation	1467	535	301	536	303	0.212	0.261	0.214	0.266
20307	46		Fixation	1467	535	301	539	301	0.212	0.261	0.220	0.261
20340	46		Fixation	1467	535	301	538	302	0.212	0.261	0.218	0.263
20373	46		Fixation	1467	535	301	538	302	0.212	0.261	0.218	0.263
20407	46		Fixation	1467	535	301	537	305	0.212	0.261	0.216	0.271
20440	46		Fixation	1467	535	301	537	303	0.212	0.261	0.216	0.266
20473	46		Fixation	1467	535	301	537	303	0.212	0.261	0.216	0.266
20507	46		Fixation	1467	535	301	536	302	0.212	0.261	0.214	0.263
20540	46		Fixation	1467	535	301	537	303	0.212	0.261	0.216	0.266
20573	46		Fixation	1467	535	301	538	307	0.212	0.261	0.218	0.276
20607	46		Fixation	1467	535	301	537	305	0.212	0.261	0.216	0.271
20640	46		Fixation	1467	535	301	539	306	0.212	0.261	0.220	0.273
20673	46		Fixation	1467	535	301	538	304	0.212	0.261	0.218	0.268
20707	46		Fixation	1467	535	301	532	302	0.212	0.261	0.206	0.263
20740	46		Fixation	1467	535	301	532	300	0.212	0.261	0.206	0.258
20773	46		Fixation	1467	535	301	535	300	0.212	0.261	0.212	0.258
20807	46		Fixation	1467	535	301	536	304	0.212	0.261	0.214	0.268
20840	46		Fixation	1467	535	301	534	300	0.212	0.261	0.210	0.258
20873	46		Fixation	1467	535	301	535	298	0.212	0.261	0.212	0.253
20907	46		Fixation	1467	535	301	537	299	0.212	0.261	0.216	0.255
20940	46		Fixation	1467	535	301	535	296	0.212	0.261	0.212	0.248
20973	46		Fixation	1467	535	301	533	299	0.212	0.261	0.208	0.255
21007	46		Fixation	1467	535	301	531	296	0.212	0.261	0.205	0.248
21040	46		Fixation	1467	535	301	532	297	0.212	0.261	0.207	0.250
21073	46		Fixation	1467	535	301	534	297	0.212	0.261	0.210	0.250
21107	46		Fixation	1467	535	301	532	298	0.212	0.261	0.207	0.253
21140		60	Saccade	100			752	294			0.625	0.246
21173		60	Saccade	100			819	293			0.753	0.244
21207		60	Saccade	100			829	303			0.772	0.270
21240	47		Fixation	2933	829	308	834	305	0.772	0.283	0.781	0.275
21273	47		Fixation	2933	829	308	824	301	0.772	0.283	0.762	0.265
21307	47		Fixation	2933	829	308	816	300	0.772	0.283	0.747	0.262
21340	47		Fixation	2933	829	308	818	298	0.772	0.283	0.751	0.257
21373	47		Fixation	2933	829	308	820	303	0.772	0.283	0.755	0.270
21407	47		Fixation	2933	829	308	820	301	0.772	0.283	0.755	0.265
21440	47		Fixation	2933	829	308	825	305	0.772	0.283	0.764	0.275
21473	47		Fixation	2933	829	308	825	303	0.772	0.283	0.764	0.270
21507	47		Fixation	2933	829	308	827	304	0.772	0.283	0.768	0.272
21540	47		Fixation	2933	829	308	830	306	0.772	0.283	0.774	0.278
21573	47		Fixation	2933	829	308	829	308	0.772	0.283	0.772	0.283
21607	47		Fixation	2933	829	308	828	305	0.772	0.283	0.770	0.275
21640	47		Fixation	2933	829	308	828	309	0.772	0.283	0.770	0.285
21673	47		Fixation	2933	829	308	827	308	0.772	0.283	0.768	0.283
21707	47		Fixation	2933	829	308	827	307	0.772	0.283	0.768	0.280
21740	47		Fixation	2933	829	308	829	306	0.772	0.283	0.772	0.278
21773	47		Fixation	2933	829	308	829	304	0.772	0.283	0.772	0.272
21807	47		Fixation	2933	829	308	826	306	0.772	0.283	0.766	0.278
21840	47		Fixation	2933	829	308	826	307	0.772	0.283	0.766	0.280
21873	47		Fixation	2933	829	308	828	309	0.772	0.283	0.770	0.285
21907	47		Fixation	2933	829	308	829	313	0.772	0.283	0.772	0.295
21940	47		Fixation	2933	829	308	829	312	0.772	0.283	0.772	0.293
21973	47		Fixation	2933	829	308	835	312	0.772	0.283	0.783	0.293
22007	47		Fixation	2933	829	308	829	310	0.772	0.283	0.772	0.288
22040	47		Fixation	2933	829	308	832	311	0.772	0.283	0.777	0.290
22073	47		Fixation	2933	829	308	831	312	0.772	0.283	0.776	0.293
22107	47		Fixation	2933	829	308	829	309	0.772	0.283	0.772	0.285
22140	47		Fixation	2933	829	308	828	309	0.772	0.283	0.770	0.285
22173	47		Fixation	2933	829	308	828	311	0.772	0.283	0.770	0.290
22207	47		Fixation	2933	829	308	831	311	0.772	0.283	0.776	0.290
22240	47		Fixation	2933	829	308	832	311	0.772	0.283	0.777	0.290
22273	47		Fixation	2933	829	308	833	311	0.772	0.283	0.779	0.290
22307	47		Fixation	2933	829	308	832	311	0.772	0.283	0.777	0.290
22340	47		Fixation	2933	829	308	833	309	0.772	0.283	0.779	0.285
22373	47		Fixation	2933	829	308	833	311	0.772	0.283	0.779	0.290
22407	47		Fixation	2933	829	308	832	310	0.772	0.283	0.777	0.288
22440	47		Fixation	2933	829	308	830	310	0.772	0.283	0.774	0.288
22473	47		Fixation	2933	829	308	831	311	0.772	0.283	0.776	0.290
22507	47		Fixation	2933	829	308	831	312	0.772	0.283	0.776	0.293
22540	47		Fixation	2933	829	308	832	313	0.772	0.283	0.777	0.295
22573	47		Fixation	2933	829	308	833	313	0.772	0.283	0.779	0.295
22607	47		Fixation	2933	829	308	831	310	0.772	0.283	0.776	0.288
22640	47		Fixation	2933	829	308	833	311	0.772	0.283	0.779	0.290
22673	47		Fixation	2933	829	308	832	310	0.772	0.283	0.777	0.288
22707	47		Fixation	2933	829	308	827	306	0.772	0.283	0.768	0.278
22740	47		Fixation	2933	829	308	828	310	0.772	0.283	0.770	0.288
22773	47		Fixation	2933	829	308	828	310	0.772	0.283	0.770	0.288
22807	47		Fixation	2933	829	308	822	306	0.772	0.283	0.758	0.277
22840	47		Fixation	2933	829	308	825	311	0.772	0.283	0.764	0.290
22873	47		Fixation	2933	829	308	824	310	0.772	0.283	0.762	0.288
22907	47		Fixation	2933	829	308	823	309	0.772	0.283	0.760	0.285
22940	47		Fixation	2933	829	308	824	312	0.772	0.283	0.762	0.293
22973	47		Fixation	2933	829	308	821	308	0.772	0.283	0.757	0.283
23007	47		Fixation	2933	829	308	824	310	0.772	0.283	0.762	0.288
23040	47		Fixation	2933	829	308	826	310	0.772	0.283	0.766	0.288
23073	47		Fixation	2933	829	308	836	306	0.772	0.283	0.785	0.278
23107	47		Fixation	2933	829	308	833	309	0.772	0.283	0.779	0.285
23140	47		Fixation	2933	829	308	834	306	0.772	0.283	0.781	0.278
23173	47		Fixation	2933	829	308	835	307	0.772	0.283	0.783	0.280
23207	47		Fixation	2933	829	308	837	306	0.772	0.283	0.787	0.278
23240	47		Fixation	2933	829	308	835	302	0.772	0.283	0.783	0.267
23273	47		Fixation	2933	829	308	829	308	0.772	0.283	0.772	0.283
23307	47		Fixation	2933	829	308	829	314	0.772	0.283	0.772	0.298
23340	47		Fixation	2933	829	308	827	309	0.772	0.283	0.768	0.285
23373	47		Fixation	2933	829	308	829	309	0.772	0.283	0.772	0.285
23407	47		Fixation	2933	829	308	832	308	0.772	0.283	0.777	0.283
23440	47		Fixation	2933	829	308	830	306	0.772	0.283	0.774	0.278
23473	47		Fixation	2933	829	308	834	309	0.772	0.283	0.781	0.285
23507	47		Fixation	2933	829	308	832	307	0.772	0.283	0.777	0.280
23540	47		Fixation	2933	829	308	834	308	0.772	0.283	0.781	0.283
23573	47		Fixation	2933	829	308	830	308	0.772	0.283	0.774	0.283
23607	47		Fixation	2933	829	308	830	308	0.772	0.283	0.774	0.283
23640	47		Fixation	2933	829	308	830	309	0.772	0.283	0.774	0.285
23673	47		Fixation	2933	829	308	829	310	0.772	0.283	0.772	0.288
23707	47		Fixation	2933	829	308	833	312	0.772	0.283	0.779	0.293
23740	47		Fixation	2933	829	308	829	309	0.772	0.283	0.772	0.285
23773	47		Fixation	2933	829	308	831	311	0.772	0.283	0.776	0.290
23807	47		Fixation	2933	829	308	828	310	0.772	0.283	0.770	0.288
23840	47		Fixation	2933	829	308	831	310	0.772	0.283	0.776	0.288
23873	47		Fixation	2933	829	308	832	308	0.772	0.283	0.777	0.283
23907	47		Fixation	2933	829	308	830	306	0.772	0.283	0.774	0.278
23940	47		Fixation	2933	829	308	832	310	0.772	0.283	0.777	0.288
23973	47		Fixation	2933	829	308	832	310	0.772	0.283	0.777	0.288
24007	47		Fixation	2933	829	308	829	312	0.772	0.283	0.772	0.293
24040	47		Fixation	2933	829	308	827	309	0.772	0.283	0.768	0.285
24073	47		Fixation	2933	829	308	831	310	0.772	0.283	0.776	0.288
24107	47		Fixation	2933	829	308	828	307	0.772	0.283	0.770	0.280
24140	47		Fixation	2933	829	308	828	310	0.772	0.283	0.770	0.288
24173		61	Saccade	67			834	417			0.780	0.559
24207		61	Saccade	67			824	547			0.760	0.889
24240	48		Fixation	233	810	541	818	544	0.733	0.874	0.748	0.881
24273	48		Fixation	233	810	541	814	544	0.733	0.874	0.741	0.881
24307	48		Fixation	233	810	541	811	544	0.733	0.874	0.735	0.881
24340	48		Fixation	233	810	541	807	542	0.733	0.874	0.727	0.876
24373	48		Fixation	233	810	541	807	539	0.733	0.874	0.727	0.868
24407	48		Fixation	233	810	541	808	537	0.733	0.874	0.729	0.863
24440	48		Fixation	233	810	541	804	535	0.733	0.874	0.722	0.858
24473		62	Saccade	33			811	488			0.735	0.739
24507	49		Fixation	2633	817	487	812	490	0.747	0.737	0.737	0.744
24540	49		Fixation	2633	817	487	810	489	0.747	0.737	0.734	0.742
24573	49		Fixation	2633	817	487	812	490	0.747	0.737	0.737	0.744
24607	49		Fixation	2633	817	487	812	490	0.747	0.737	0.737	0.744
24640	49		Fixation	2633	817	487	812	490	0.747	0.737	0.737	0.744
24673	49		Fixation	2633	817	487	810	487	0.747	0.737	0.734	0.737
24707	49		Fixation	2633	817	487	812	490	0.747	0.737	0.737	0.744
24740	49		Fixation	2633	817	487	814	488	0.747	0.737	0.741	0.739
24773	49		Fixation	2633	817	487	811	488	0.747	0.737	0.735	0.739
24807	49		Fixation	2633	817	487	812	489	0.747	0.737	0.737	0.742
24840	49		Fixation	2633	817	487	812	487	0.747	0.737	0.737	0.737
24873	49		Fixation	2633	817	487	813	488	0.747	0.737	0.739	0.739
24907	49		Fixation	2633	817	487	815	488	0.747	0.737	0.743	0.739
24940	49		Fixation	2633	817	487	815	490	0.747	0.737	0.743	0.744
24973	49		Fixation	2633	817	487	816	491	0.747	0.737	0.745	0.747
25007	49		Fixation	2633	817	487	816	492	0.747	0.737	0.745	0.749
25040	49		Fixation	2633	817	487	816	492	0.747	0.737	0.745	0.749
25073	49		Fixation	2633	817	487	818	494	0.747	0.737	0.749	0.754
25107	49		Fixation	2633	817	487	821	491	0.747	0.737	0.754	0.747
25140	49		Fixation	2633	817	487	823	491	0.747	0.737	0.758	0.747
25173	49		Fixation	2633	817	487	817	489	0.747	0.737	0.747	0.742
25207	49		Fixation	2633	817	487	819	487	0.747	0.737	0.751	0.737
25240	49		Fixation	2633	817	487	818	487	0.747	0.737	0.749	0.737
25273	49		Fixation	2633	817	487	821	488	0.747	0.737	0.754	0.739
25307	49		Fixation	2633	817	487	819	485	0.747	0.737	0.751	0.732
25340	49		Fixation	2633	817	487	818	485	0.747	0.737	0.749	0.732
25373	49		Fixation	2633	817	487	815	487	0.747	0.737	0.743	0.737
25407	49		Fixation	2633	817	487	817	485	0.747	0.737	0.747	0.732
25440	49		Fixation	2633	817	487	818	487	0.747	0.737	0.749	0.737
25473	49		Fixation	2633	817	487	818	488	0.747	0.737	0.749	0.739
25507	49		Fixation	2633	817	487	821	490	0.747	0.737	0.754	0.744
25540	49		Fixation	2633	817	487	824	490	0.747	0.737	0.760	0.744
25573	49		Fixation	2633	817	487	818	486	0.747	0.737	0.749	0.734
25607	49		Fixation	2633	817	487	818	488	0.747	0.737	0.749	0.739
25640	49		Fixation	2633	817	487	818	488	0.747	0.737	0.749	0.739
25673	49		Fixation	2633	817	487	818	488	0.747	0.737	0.749	0.739
25707	49		Fixation	2633	817	487	818	487	0.747	0.737	0.749	0.737
25740	49		Fixation	2633	817	487	823	490	0.747	0.737	0.758	0.744
25773	49		Fixation	2633	817	487	826	487	0.747	0.737	0.764	0.737
25807	49		Fixation	2633	817	487	824	489	0.747	0.737	0.760	0.742
25840	49		Fixation	2633	817	487	821	488	0.747	0.737	0.754	0.739
25873	49		Fixation	2633	817	487	821	490	0.747	0.737	0.754	0.744
25907	49		Fixation	2633	817	487	823	491	0.747	0.737	0.758	0.747
25940	49		Fixation	2633	817	487	820	490	0.747	0.737	0.753	0.744
25973	49		Fixation	2633	817	487	819	485	0.747	0.737	0.751	0.732
26007	49		Fixation	2633	817	487	818	485	0.747	0.737	0.749	0.732
26040	49		Fixation	2633	817	487	820	486	0.747	0.737	0.753	0.734
26073	49		Fixation	2633	817	487	819	485	0.747	0.737	0.751	0.732
26107	49		Fixation	2633	817	487	822	488	0.747	0.737	0.756	0.739
26140	49		Fixation	2633	817	487	823	485	0.747	0.737	0.758	0.732
26173	49		Fixation	2633	817	487	821	487	0.747	0.737	0.755	0.737
26207	49		Fixation	2633	817	487	818	486	0.747	0.737	0.749	0.734
26240	49		Fixation	2633	817	487	815	486	0.747	0.737	0.743	0.734
26273	49		Fixation	2633	817	487	814	486	0.747	0.737	0.741	0.734
26307	49		Fixation	2633	817	487	813	486	0.747	0.737	0.739	0.734
26340	49		Fixation	2633	817	487	816	485	0.747	0.737	0.745	0.732
26373	49		Fixation	2633	817	487	819	488	0.747	0.737	0.751	0.739
26407	49		Fixation	2633	817	487	822	488	0.747	0.737	0.756	0.739
26440	49		Fixation	2633	817	487	818	485	0.747	0.737	0.749	0.732
26473	49		Fixation	2633	817	487	818	486	0.747	0.737	0.749	0.734
26507	49		Fixation	2633	817	487	819	485	0.747	0.737	0.751	0.732
26540	49		Fixation	2633	817	487	817	483	0.747	0.737	0.747	0.726
26573	49		Fixation	2633	817	487	817	483	0.747	0.737	0.747	0.726
26607	49		Fixation	2633	817	487	819	485	0.747	0.737	0.751	0.732
26640	49		Fixation	2633	817	487	818	486	0.747	0.737	0.749	0.734
26673	49		Fixation	2633	817	487	818	488	0.747	0.737	0.749	0.739
26707	49		Fixation	2633	817	487	817	488	0.747	0.737	0.747	0.739
26740	49		Fixation	2633	817	487	817	488	0.747	0.737	0.747	0.739
26773	49		Fixation	2633	817	487	820	488	0.747	0.737	0.753	0.739
26807	49		Fixation	2633	817	487	817	486	0.747	0.737	0.747	0.734
26840	49		Fixation	2633	817	487	818	487	0.747	0.737	0.749	0.737
26873	49		Fixation	2633	817	487	818	485	0.747	0.737	0.749	0.732
26907	49		Fixation	2633	817	487	819	483	0.747	0.737	0.751	0.726
26940	49		Fixation	2633	817	487	816	482	0.747	0.737	0.745	0.724
26973	49		Fixation	2633	817	487	815	482	0.747	0.737	0.743	0.724
27007	49		Fixation	2633	817	487	816	481	0.747	0.737	0.745	0.721
27040	49		Fixation	2633	817	487	816	479	0.747	0.737	0.745	0.716
27073	49		Fixation	2633	817	487	817	479	0.747	0.737	0.747	0.716
27107	49		Fixation	2633	817	487	813	479	0.747	0.737	0.739	0.716
27140		63	Saccade	67			710	490			0.543	0.743
27173		63	Saccade	67			558	471			0.254	0.692
27207			Unclassified	33			552	473			0.243	0.697
27240		64	Saccade	67			532	469			0.205	0.687
27273		64	Saccade	67			511	541			0.164	0.869
27307			Unclassified	133								
27340			Unclassified	133								
27373			Unclassified	133								
27407			Unclassified	133								
27440			Unclassified	33			518	468			0.178	0.684
27473		65	Saccade	67			529	479			0.199	0.712
27507		65	Saccade	67			539	484			0.218	0.725
27540	50		Fixation	1033	541	488	542	488	0.222	0.735	0.223	0.735
27573	50		Fixation	1033	541	488	540	488	0.222	0.735	0.220	0.735
27607	50		Fixation	1033	541	488	538	487	0.222	0.735	0.216	0.732
27640	50		Fixation	1033	541	488	540	489	0.222	0.735	0.220	0.738
27673	50		Fixation	1033	541	488	541	485	0.222	0.735	0.222	0.727
27707	50		Fixation	1033	541	488	544	487	0.222	0.735	0.227	0.733
27740	50		Fixation	1033	541	488	543	487	0.222	0.735	0.225	0.733
27773	50		Fixation	1033	541	488	541	486	0.222	0.735	0.222	0.730
27807	50		Fixation	1033	541	488	540	487	0.222	0.735	0.220	0.733
27840	50		Fixation	1033	541	488	540	483	0.222	0.735	0.220	0.722
27873	50		Fixation	1033	541	488	540	487	0.222	0.735	0.220	0.733
27907	50		Fixation	1033	541	488	538	485	0.222	0.735	0.216	0.727
27940	50		Fixation	1033	541	488	540	487	0.222	0.735	0.220	0.733
27973	50		Fixation	1033	541	488	541	488	0.222	0.735	0.222	0.735
28007	50		Fixation	1033	541	488	539	486	0.222	0.735	0.218	0.730
28040	50		Fixation	1033	541	488	539	488	0.222	0.735	0.218	0.735
28073	50		Fixation	1033	541	488	539	488	0.222	0.735	0.218	0.735
28107	50		Fixation	1033	541	488	539	489	0.222	0.735	0.218	0.738
28140	50		Fixation	1033	541	488	540	490	0.222	0.735	0.220	0.740
28173	50		Fixation	1033	541	488	542	485	0.222	0.735	0.223	0.727
28207	50		Fixation	1033	541	488	543	485	0.222	0.735	0.225	0.727
28240	50		Fixation	1033	541	488	543	485	0.222	0.735	0.225	0.727
28273	50		Fixation	1033	541	488	545	486	0.222	0.735	0.229	0.730
28307	50		Fixation	1033	541	488	542	488	0.222	0.735	0.223	0.735
28340	50		Fixation	1033	541	488	542	489	0.222	0.735	0.223	0.738
28373	50		Fixation	1033	541	488	538	485	0.222	0.735	0.216	0.727
28407	50		Fixation	1033	541	488	540	491	0.222	0.735	0.220	0.743
28440	50		Fixation	1033	541	488	541	491	0.222	0.735	0.221	0.743
28473	50		Fixation	1033	541	488	541	495	0.222	0.735	0.221	0.753
28507	50		Fixation	1033	541	488	539	496	0.222	0.735	0.218	0.755
28540	50		Fixation	1033	541	488	544	495	0.222	0.735	0.227	0.753
28573		66	Saccade	33			557	490			0.252	0.740
28607	51		Fixation	100	558	485	556	487	0.254	0.728	0.250	0.733
28640	51		Fixation	100	558	485	558	485	0.254	0.728	0.254	0.728
28673	51		Fixation	100	558	485	560	484	0.254	0.728	0.258	0.725
28707		67	Saccade	33			547	492			0.233	0.745
28740	52		Fixation	400	547	494	548	491	0.233	0.750	0.235	0.743
28773	52		Fixation	400	547	494	551	491	0.233	0.750	0.241	0.743
28807	52		Fixation	400	547	494	550	492	0.233	0.750	0.239	0.745
28840	52		Fixation	400	547	494	547	492	0.233	0.750	0.233	0.745
28873	52		Fixation	400	547	494	548	494	0.233	0.750	0.235	0.750
28907	52		Fixation	400	547	494	548	495	0.233	0.750	0.235	0.753
28940	52		Fixation	400	547	494	544	493	0.233	0.750	0.227	0.748
28973	52		Fixation	400	547	494	544	493	0.233	0.750	0.227	0.748
29007	52		Fixation	400	547	494	549	499	0.233	0.750	0.237	0.763
29040	52		Fixation	400	547	494	546	495	0.233	0.750	0.231	0.753
29073	52		Fixation	400	547	494	547	498	0.233	0.750	0.233	0.761
29107	52		Fixation	400	547	494	545	493	0.233	0.750	0.229	0.748
29140		68	Saccade	33			555	484			0.248	0.725
29173	53		Fixation	133	554	481	554	483	0.246	0.718	0.246	0.723
29207	53		Fixation	133	554	481	554	483	0.246	0.718	0.246	0.723
29240	53		Fixation	133	554	481	552	479	0.246	0.718	0.243	0.712
29273	53		Fixation	133	554	481	555	481	0.246	0.718	0.248	0.718
29307		69	Saccade	33			544	486			0.227	0.730
29340	54		Fixation	767	549	493	545	487	0.237	0.748	0.229	0.733
29373	54		Fixation	767	549	493	545	490	0.237	0.748	0.229	0.740
29407	54		Fixation	767	549	493	543	488	0.237	0.748	0.225	0.735
29440	54		Fixation	767	549	493	544	490	0.237	0.748	0.227	0.740
29473	54		Fixation	767	549	493	546	491	0.237	0.748	0.231	0.743
29507	54		Fixation	767	549	493	549	491	0.237	0.748	0.237	0.743
29540	54		Fixation	767	549	493	548	490	0.237	0.748	0.235	0.740
29573	54		Fixation	767	549	493	549	490	0.237	0.748	0.237	0.740
29607	54		Fixation	767	549	493	548	491	0.237	0.748	0.235	0.743
29640	54		Fixation	767	549	493	548	489	0.237	0.748	0.235	0.738
29673	54		Fixation	767	549	493	550	490	0.237	0.748	0.239	0.740
29707	54		Fixation	767	549	493	549	492	0.237	0.748	0.237	0.745
29740	54		Fixation	767	549	493	550	493	0.237	0.748	0.239	0.748
29773	54		Fixation	767	549	493	551	493	0.237	0.748	0.240	0.748
29807	54		Fixation	767	549	493	552	500	0.237	0.748	0.242	0.766
29840	54		Fixation	767	549	493	550	499	0.237	0.748	0.239	0.763
29873	54		Fixation	767	549	493	551	501	0.237	0.748	0.240	0.768
29907	54		Fixation	767	549	493	551	493	0.237	0.748	0.240	0.748
29940	54		Fixation	767	549	493	552	499	0.237	0.748	0.242	0.763
29973	54		Fixation	767	549	493	550	498	0.237	0.748	0.239	0.761
30007	54		Fixation	767	549	493	550	498	0.237	0.748	0.239	0.761
30040	54		Fixation	767	549	493	551	499	0.237	0.748	0.240	0.763
30073	54		Fixation	767	549	493	551	497	0.237	0.748	0.240	0.758
30107		70	Saccade	100			541	499			0.221	0.763
30140		70	Saccade	100			698	393			0.521	0.496
30173		70	Saccade	100			679	392			0.485	0.494
30207	55		Fixation	2500	692	397	682	393	0.510	0.506	0.491	0.496
30240	55		Fixation	2500	692	397	681	388	0.510	0.506	0.489	0.483
30273	55		Fixation	2500	692	397	682	386	0.510	0.506	0.491	0.478
30307	55		Fixation	2500	692	397	686	394	0.510	0.506	0.499	0.499
30340	55		Fixation	2500	692	397	689	396	0.510	0.506	0.504	0.504
30373	55		Fixation	2500	692	397	691	399	0.510	0.506	0.508	0.511
30407	55		Fixation	2500	692	397	689	398	0.510	0.506	0.504	0.509
30440	55		Fixation	2500	692	397	694	401	0.510	0.506	0.514	0.517
30473	55		Fixation	2500	692	397	692	400	0.510	0.506	0.510	0.514
30507	55		Fixation	2500	692	397	694	404	0.510	0.506	0.514	0.524
30540	55		Fixation	2500	692	397	695	401	0.510	0.506	0.516	0.517
30573	55		Fixation	2500	692	397	695	402	0.510	0.506	0.516	0.519
30607	55		Fixation	2500	692	397	696	401	0.510	0.506	0.518	0.517
30640	55		Fixation	2500	692	397	695	404	0.510	0.506	0.516	0.524
30673	55		Fixation	2500	692	397	696	400	0.510	0.506	0.518	0.514
30707	55		Fixation	2500	692	397	696	399	0.510	0.506	0.518	0.512
30740	55		Fixation	2500	692	397	695	399	0.510	0.506	0.516	0.512
30773	55		Fixation	2500	692	397	695	402	0.510	0.506	0.516	0.519
30807	55		Fixation	2500	692	397	692	405	0.510	0.506	0.510	0.527
30840	55		Fixation	2500	692	397	691	402	0.510	0.506	0.508	0.519
30873	55		Fixation	2500	692	397	694	404	0.510	0.506	0.514	0.524
30907	55		Fixation	2500	692	397	690	399	0.510	0.506	0.506	0.511
30940	55		Fixation	2500	692	397	692	396	0.510	0.506	0.510	0.504
30973	55		Fixation	2500	692	397	692	394	0.510	0.506	0.510	0.499
31007	55		Fixation	2500	692	397	692	394	0.510	0.506	0.510	0.499
31040	55		Fixation	2500	692	397	694	397	0.510	0.506	0.514	0.506
31073	55		Fixation	2500	692	397	692	395	0.510	0.506	0.510	0.501
31107	55		Fixation	2500	692	397	690	394	0.510	0.506	0.506	0.499
31140	55		Fixation	2500	692	397	691	399	0.510	0.506	0.508	0.511
31173	55		Fixation	2500	692	397	689	399	0.510	0.506	0.504	0.511
31207	55		Fixation	2500	692	397	691	402	0.510	0.506	0.508	0.519
31240	55		Fixation	2500	692	397	691	403	0.510	0.506	0.508	0.522
31273	55		Fixation	2500	692	397	689	401	0.510	0.506	0.504	0.517
31307	55		Fixation	2500	692	397	691	402	0.510	0.506	0.508	0.519
31340	55		Fixation	2500	692	397	692	401	0.510	0.506	0.510	0.517
31373	55		Fixation	2500	692	397	693	398	0.510	0.506	0.512	0.509
31407	55		Fixation	2500	692	397	693	399	0.510	0.506	0.512	0.512
31440	55		Fixation	2500	692	397	695	399	0.510	0.506	0.516	0.512
31473	55		Fixation	2500	692	397	695	399	0.510	0.506	0.516	0.512
31507	55		Fixation	2500	692	397	692	399	0.510	0.506	0.510	0.511
31540	55		Fixation	2500	692	397	695	399	0.510	0.506	0.516	0.512
31573	55		Fixation	2500	692	397	692	395	0.510	0.506	0.510	0.501
31607	55		Fixation	2500	692	397	696	393	0.510	0.506	0.518	0.496
31640	55		Fixation	2500	692	397	692	392	0.510	0.506	0.510	0.494
31673	55		Fixation	2500	692	397	690	392	0.510	0.506	0.506	0.494
31707	55		Fixation	2500	692	397	689	395	0.510	0.506	0.504	0.501
31740	55		Fixation	2500	692	397	688	391	0.510	0.506	0.502	0.491
31773	55		Fixation	2500	692	397	690	390	0.510	0.506	0.506	0.489
31807	55		Fixation	2500	692	397	690	392	0.510	0.506	0.506	0.494
31840	55		Fixation	2500	692	397	692	394	0.510	0.506	0.510	0.499
31873	55		Fixation	2500	692	397	693	398	0.510	0.506	0.512	0.509
31907	55		Fixation	2500	692	397	690	395	0.510	0.506	0.506	0.501
31940	55		Fixation	2500	692	397	690	397	0.510	0.506	0.506	0.506
31973	55		Fixation	2500	692	397	692	398	0.510	0.506	0.510	0.509
32007	55		Fixation	2500	692	397	691	398	0.510	0.506	0.508	0.509
32040	55		Fixation	2500	692	397	691	398	0.510	0.506	0.508	0.509
32073	55		Fixation	2500	692	397	692	399	0.510	0.506	0.510	0.511
32107	55		Fixation	2500	692	397	696	398	0.510	0.506	0.518	0.509
32140	55		Fixation	2500	692	397	694	396	0.510	0.506	0.514	0.504
32173	55		Fixation	2500	692	397	695	396	0.510	0.506	0.516	0.504
32207	55		Fixation	2500	692	397	693	394	0.510	0.506	0.512	0.499
32240	55		Fixation	2500	692	397	690	392	0.510	0.506	0.506	0.494
32273	55		Fixation	2500	692	397	690	395	0.510	0.506	0.506	0.501
32307	55		Fixation	2500	692	397	693	395	0.510	0.506	0.512	0.501
32340	55		Fixation	2500	692	397	690	393	0.510	0.506	0.506	0.496
32373	55		Fixation	2500	692	397	691	394	0.510	0.506	0.508	0.499
32407	55		Fixation	2500	692	397	692	394	0.510	0.506	0.510	0.499
32440	55		Fixation	2500	692	397	689	396	0.510	0.506	0.504	0.504
32473	55		Fixation	2500	692	397	689	394	0.510	0.506	0.504	0.499
32507	55		Fixation	2500	692	397	691	394	0.510	0.506	0.508	0.499
32540	55		Fixation	2500	692	397	690	395	0.510	0.506	0.506	0.501
32573	55		Fixation	2500	692	397	690	392	0.510	0.506	0.506	0.494
32607	55		Fixation	2500	692	397	693	391	0.510	0.506	0.512	0.491
32640	55		Fixation	2500	692	397	693	389	0.510	0.506	0.512	0.486
32673	55		Fixation	2500	692	397	694	386	0.510	0.506	0.514	0.479
32707		71	Saccade	33			676	375			0.480	0.450
32740	56		Fixation	400	684	382	671	379	0.495	0.468	0.470	0.460
32773	56		Fixation	400	684	382	675	379	0.495	0.468	0.478	0.461
32807	56		Fixation	400	684	382	681	381	0.495	0.468	0.489	0.466
32840	56		Fixation	400	684	382	684	383	0.495	0.468	0.495	0.471
32873	56		Fixation	400	684	382	684	384	0.495	0.468	0.495	0.473
32907	56		Fixation	400	684	382	685	384	0.495	0.468	0.497	0.473
32940	56		Fixation	400	684	382	686	382	0.495	0.468	0.499	0.468
32973	56		Fixation	400	684	382	688	383	0.495	0.468	0.503	0.471
33007	56		Fixation	400	684	382	696	386	0.495	0.468	0.518	0.479
33040	56		Fixation	400	684	382	691	381	0.495	0.468	0.508	0.466
33073	56		Fixation	400	684	382	690	381	0.495	0.468	0.506	0.466
33107	56		Fixation	400	684	382	681	375	0.495	0.468	0.489	0.450
33140			Unclassified	133								
33173			Unclassified	133								
33207			Unclassified	133								
33240			Unclassified	133								
33273			Unclassified	33			523	281			0.190	0.210
33307		72	Saccade	67			533	279			0.209	0.205
33340		72	Saccade	67			540	286			0.222	0.223
33373	57		Fixation	67	544	292	543	291	0.229	0.238	0.228	0.235
33407	57		Fixation	67	544	292	544	294	0.229	0.238	0.229	0.243
33440		73	Saccade	67			534	289			0.210	0.230
33473		73	Saccade	67			522	290			0.188	0.232
33507	58		Fixation	67	523	290	521	291	0.189	0.232	0.186	0.235
33540	58		Fixation	67	523	290	525	288	0.189	0.232	0.193	0.227
33573		74	Saccade	33			529	293			0.201	0.240
33607	59		Fixation	467	536	292	529	289	0.214	0.238	0.201	0.230
33640	59		Fixation	467	536	292	533	291	0.214	0.238	0.209	0.235
33673	59		Fixation	467	536	292	533	289	0.214	0.238	0.209	0.230
33707	59		Fixation	467	536	292	534	291	0.214	0.238	0.210	0.235
33740	59		Fixation	467	536	292	536	291	0.214	0.238	0.214	0.235
33773	59		Fixation	467	536	292	538	294	0.214	0.238	0.218	0.243
33807	59		Fixation	467	536	292	542	298	0.214	0.238	0.226	0.253
33840	59		Fixation	467	536	292	543	297	0.214	0.238	0.227	0.251
33873	59		Fixation	467	536	292	541	294	0.214	0.238	0.224	0.243
33907	59		Fixation	467	536	292	535	290	0.214	0.238	0.212	0.233
33940	59		Fixation	467	536	292	538	291	0.214	0.238	0.218	0.235
33973	59		Fixation	467	536	292	536	290	0.214	0.238	0.214	0.233
34007	59		Fixation	467	536	292	534	290	0.214	0.238	0.210	0.233
34040	59		Fixation	467	536	292	535	294	0.214	0.238	0.212	0.243
34073		75	Saccade	33			532	288			0.207	0.228
34107			Unclassified	33			533	288			0.209	0.228
34140		76	Saccade	33			537	293			0.216	0.240
34173	60		Fixation	233	537	295	535	291	0.216	0.245	0.212	0.235
34207	60		Fixation	233	537	295	534	292	0.216	0.245	0.210	0.238
34240	60		Fixation	233	537	295	533	295	0.216	0.245	0.208	0.245
34273	60		Fixation	233	537	295	535	294	0.216	0.245	0.212	0.243
34307	60		Fixation	233	537	295	540	296	0.216	0.245	0.222	0.248
34340	60		Fixation	233	537	295	538	296	0.216	0.245	0.218	0.248
34373	60		Fixation	233	537	295	541	299	0.216	0.245	0.224	0.256
34407		77	Saccade	33			548	304			0.237	0.268
34440	61		Fixation	133	553	304	549	301	0.246	0.268	0.239	0.261
34473	61		Fixation	133	553	304	554	305	0.246	0.268	0.248	0.271
34507	61		Fixation	133	553	304	556	306	0.246	0.268	0.252	0.274
34540	61		Fixation	133	553	304	551	303	0.246	0.268	0.243	0.266
34573		78	Saccade	33			544	296			0.229	0.248
34607	62		Fixation	233	545	298	543	296	0.231	0.253	0.227	0.248
34640	62		Fixation	233	545	298	545	298	0.231	0.253	0.231	0.253
34673	62		Fixation	233	545	298	546	297	0.231	0.253	0.233	0.251
34707	62		Fixation	233	545	298	547	300	0.231	0.253	0.235	0.258
34740	62		Fixation	233	545	298	544	299	0.231	0.253	0.229	0.256
34773	62		Fixation	233	545	298	544	298	0.231	0.253	0.229	0.253
34807	62		Fixation	233	545	298	544	297	0.231	0.253	0.229	0.251
34840		79	Saccade	67			550	303			0.241	0.266
34873		79	Saccade	67			553	309			0.246	0.281
34907	63		Fixation	1133	546	305	551	305	0.233	0.271	0.243	0.271
34940	63		Fixation	1133	546	305	549	305	0.233	0.271	0.239	0.271
34973	63		Fixation	1133	546	305	550	304	0.233	0.271	0.241	0.268
35007	63		Fixation	1133	546	305	547	303	0.233	0.271	0.235	0.266
35040	63		Fixation	1133	546	305	547	303	0.233	0.271	0.235	0.266
35073	63		Fixation	1133	546	305	546	304	0.233	0.271	0.233	0.268
35107	63		Fixation	1133	546	305	546	303	0.233	0.271	0.233	0.266
35140	63		Fixation	1133	546	305	547	308	0.233	0.271	0.235	0.278
35173	63		Fixation	1133	546	305	548	303	0.233	0.271	0.237	0.266
35207	63		Fixation	1133	546	305	549	301	0.233	0.271	0.239	0.261
35240	63		Fixation	1133	546	305	547	304	0.233	0.271	0.235	0.268
35273	63		Fixation	1133	546	305	542	304	0.233	0.271	0.225	0.268
35307	63		Fixation	1133	546	305	545	305	0.233	0.271	0.231	0.271
35340	63		Fixation	1133	546	305	544	306	0.233	0.271	0.229	0.273
35373	63		Fixation	1133	546	305	545	309	0.233	0.271	0.231	0.281
35407	63		Fixation	1133	546	305	546	305	0.233	0.271	0.233	0.271
35440	63		Fixation	1133	546	305	548	307	0.233	0.271	0.237	0.276
35473	63		Fixation	1133	546	305	544	305	0.233	0.271	0.229	0.271
35507	63		Fixation	1133	546	305	545	306	0.233	0.271	0.231	0.273
35540	63		Fixation	1133	546	305	549	310	0.233	0.271	0.239	0.284
35573	63		Fixation	1133	546	305	543	306	0.233	0.271	0.227	0.273
35607	63		Fixation	1133	546	305	545	306	0.233	0.271	0.231	0.273
35640	63		Fixation	1133	546	305	544	306	0.233	0.271	0.229	0.273
35673	63		Fixation	1133	546	305	548	307	0.233	0.271	0.237	0.276
35707	63		Fixation	1133	546	305	546	307	0.233	0.271	0.233	0.276
35740	63		Fixation	1133	546	305	548	307	0.233	0.271	0.237	0.276
35773	63		Fixation	1133	546	305	549	310	0.233	0.271	0.239	0.284
35807	63		Fixation	1133	546	305	547	305	0.233	0.271	0.235	0.271
35840	63		Fixation	1133	546	305	546	307	0.233	0.271	0.233	0.276
35873	63		Fixation	1133	546	305	544	302	0.233	0.271	0.229	0.263
35907	63		Fixation	1133	546	305	546	306	0.233	0.271	0.233	0.273
35940	63		Fixation	1133	546	305	543	301	0.233	0.271	0.227	0.261
35973	63		Fixation	1133	546	305	547	304	0.233	0.271	0.235	0.268
36007	63		Fixation	1133	546	305	546	306	0.233	0.271	0.233	0.273
36040		80	Saccade	33			542	300			0.226	0.258
36073			Unclassified	33			541	303			0.224	0.266
36107		81	Saccade	67			515	294			0.174	0.242
36140		81	Saccade	67			814	302			0.743	0.267
36173	64		Fixation	2317	830	306			0.774	0.278		
36207	64		Fixation	2317	830	306	826	303	0.774	0.278	0.766	0.270
36240	64		Fixation	2317	830	306	831	302	0.774	0.278	0.776	0.267
36273	64		Fixation	2317	830	306	823	295	0.774	0.278	0.760	0.250
36307	64		Fixation	2317	830	306	821	295	0.774	0.278	0.757	0.250
36340	64		Fixation	2317	830	306	820	296	0.774	0.278	0.755	0.252
36373	64		Fixation	2317	830	306	821	298	0.774	0.278	0.757	0.257
36407	64		Fixation	2317	830	306	824	301	0.774	0.278	0.762	0.265
36440	64		Fixation	2317	830	306	826	304	0.774	0.278	0.766	0.272
36473	64		Fixation	2317	830	306	827	304	0.774	0.278	0.768	0.272
36507	64		Fixation	2317	830	306	830	308	0.774	0.278	0.774	0.283
36540	64		Fixation	2317	830	306	830	308	0.774	0.278	0.774	0.283
36573	64		Fixation	2317	830	306	829	309	0.774	0.278	0.772	0.285
36607	64		Fixation	2317	830	306	831	311	0.774	0.278	0.776	0.290
36640	64		Fixation	2317	830	306	835	310	0.774	0.278	0.783	0.288
36673	64		Fixation	2317	830	306	836	312	0.774	0.278	0.785	0.293
36707	64		Fixation	2317	830	306	833	312	0.774	0.278	0.779	0.293
36740	64		Fixation	2317	830	306	830	307	0.774	0.278	0.774	0.280
36773	64		Fixation	2317	830	306	832	310	0.774	0.278	0.777	0.288
36807	64		Fixation	2317	830	306	830	308	0.774	0.278	0.774	0.283
36840	64		Fixation	2317	830	306	832	309	0.774	0.278	0.777	0.285
36873	64		Fixation	2317	830	306	830	305	0.774	0.278	0.774	0.275
36907	64		Fixation	2317	830	306	830	305	0.774	0.278	0.774	0.275
36940	64		Fixation	2317	830	306	827	303	0.774	0.278	0.768	0.270
36973	64		Fixation	2317	830	306	829	304	0.774	0.278	0.772	0.272
37007	64		Fixation	2317	830	306	828	304	0.774	0.278	0.770	0.272
37040	64		Fixation	2317	830	306	830	306	0.774	0.278	0.774	0.278
37073	64		Fixation	2317	830	306	830	308	0.774	0.278	0.774	0.283
37107	64		Fixation	2317	830	306	832	309	0.774	0.278	0.777	0.285
37140	64		Fixation	2317	830	306	829	308	0.774	0.278	0.772	0.283
37173	64		Fixation	2317	830	306	830	302	0.774	0.278	0.774	0.267
37207	64		Fixation	2317	830	306	832	308	0.774	0.278	0.777	0.283
37240	64		Fixation	2317	830	306	830	306	0.774	0.278	0.774	0.278
37273	64		Fixation	2317	830	306	830	304	0.774	0.278	0.774	0.272
37307	64		Fixation	2317	830	306	828	299	0.774	0.278	0.770	0.260
37340	64		Fixation	2317	830	306	831	300	0.774	0.278	0.776	0.262
37373	64		Fixation	2317	830	306	833	306	0.774	0.278	0.779	0.278
37407	64		Fixation	2317	830	306	836	307	0.774	0.278	0.785	0.280
37440	64		Fixation	2317	830	306	837	309	0.774	0.278	0.787	0.285
37473	64		Fixation	2317	830	306	833	308	0.774	0.278	0.779	0.283
37507	64		Fixation	2317	830	306	836	308	0.774	0.278	0.785	0.283
37540	64		Fixation	2317	830	306	838	310	0.774	0.278	0.789	0.288
37573	64		Fixation	2317	830	306	837	310	0.774	0.278	0.787	0.288
37607	64		Fixation	2317	830	306	831	310	0.774	0.278	0.776	0.288
37640	64		Fixation	2317	830	306	831	307	0.774	0.278	0.776	0.280
37673	64		Fixation	2317	830	306	830	307	0.774	0.278	0.774	0.280
37707	64		Fixation	2317	830	306	831	308	0.774	0.278	0.776	0.283
37740	64		Fixation	2317	830	306	830	308	0.774	0.278	0.774	0.283
37773	64		Fixation	2317	830	306	830	308	0.774	0.278	0.774	0.283
37807	64		Fixation	2317	830	306	829	308	0.774	0.278	0.772	0.283
37840	64		Fixation	2317	830	306	834	307	0.774	0.278	0.781	0.280
37873	64		Fixation	2317	830	306	831	304	0.774	0.278	0.776	0.273
37907	64		Fixation	2317	830	306	831	302	0.774	0.278	0.776	0.267
37940	64		Fixation	2317	830	306	831	307	0.774	0.278	0.776	0.280
37973	64		Fixation	2317	830	306	831	307	0.774	0.278	0.776	0.280
38007	64		Fixation	2317	830	306	830	307	0.774	0.278	0.774	0.280
38040	64		Fixation	2317	830	306	829	310	0.774	0.278	0.772	0.288
38073	64		Fixation	2317	830	306	832	307	0.774	0.278	0.777	0.280
38107	64		Fixation	2317	830	306	832	303	0.774	0.278	0.778	0.270
38140	64		Fixation	2317	830	306	833	303	0.774	0.278	0.779	0.270
38173	64		Fixation	2317	830	306	832	302	0.774	0.278	0.778	0.267
38207	64		Fixation	2317	830	306	834	306	0.774	0.278	0.781	0.278
38240	64		Fixation	2317	830	306	831	303	0.774	0.278	0.776	0.270
38273	64		Fixation	2317	830	306	833	306	0.774	0.278	0.779	0.278
38307	64		Fixation	2317	830	306	831	305	0.774	0.278	0.776	0.275
38340	64		Fixation	2317	830	306	832	309	0.774	0.278	0.777	0.285
38373	64		Fixation	2317	830	306	831	308	0.774	0.278	0.776	0.283
38407	64		Fixation	2317	830	306	834	312	0.774	0.278	0.781	0.293
38440	64		Fixation	2317	830	306	832	308	0.774	0.278	0.777	0.283
38473	64		Fixation	2317	830	306	831	305	0.774	0.278	0.776	0.275
38540			Unclassified	0			831	302			0.776	0.267
38607			Unclassified	17			831	301			0.776	0.265
38640			Unclassified	50			828	300			0.770	0.262
38673			Unclassified	50			829	299			0.772	0.260
38740			Unclassified	17			831	300			0.776	0.262
38773			Unclassified	50			834	304			0.781	0.273
38807			Unclassified	50			830	303			0.774	0.270
38873			Unclassified	17			831	307			0.776	0.280
38907			Unclassified	50			829	305			0.772	0.275
38940			Unclassified	50			832	306			0.777	0.278
39007			Unclassified	17			831	303			0.776	0.270
39040			Unclassified	50			829	302			0.772	0.267
39073			Unclassified	50			832	303			0.778	0.270
39140			Unclassified	17			832	304			0.778	0.273
39173	65		Fixation	67	828	304	829	304	0.770	0.272	0.772	0.272
39207	65		Fixation	67	828	304	828	304	0.770	0.272	0.770	0.272
39240		82	Saccade	33			834	503			0.779	0.777
39273	66		Fixation	2600	814	489	822	488	0.741	0.742	0.756	0.739
39307	66		Fixation	2600	814	489	818	486	0.741	0.742	0.749	0.734
39340	66		Fixation	2600	814	489	814	487	0.741	0.742	0.741	0.737
39373	66		Fixation	2600	814	489	812	483	0.741	0.742	0.737	0.726
39407	66		Fixation	2600	814	489	811	484	0.741	0.742	0.736	0.729
39440	66		Fixation	2600	814	489	811	485	0.741	0.742	0.735	0.731
39473	66		Fixation	2600	814	489	813	490	0.741	0.742	0.739	0.744
39507	66		Fixation	2600	814	489	814	491	0.741	0.742	0.741	0.747
39540	66		Fixation	2600	814	489	814	492	0.741	0.742	0.741	0.749
39573	66		Fixation	2600	814	489	811	490	0.741	0.742	0.735	0.744
39607	66		Fixation	2600	814	489	811	491	0.741	0.742	0.735	0.747
39640	66		Fixation	2600	814	489	810	490	0.741	0.742	0.734	0.744
39673	66		Fixation	2600	814	489	810	490	0.741	0.742	0.734	0.744
39707	66		Fixation	2600	814	489	812	489	0.741	0.742	0.737	0.742
39740	66		Fixation	2600	814	489	815	490	0.741	0.742	0.743	0.744
39773	66		Fixation	2600	814	489	813	488	0.741	0.742	0.739	0.739
39807	66		Fixation	2600	814	489	813	484	0.741	0.742	0.739	0.729
39840	66		Fixation	2600	814	489	816	484	0.741	0.742	0.745	0.729
39873	66		Fixation	2600	814	489	816	483	0.741	0.742	0.745	0.726
39907	66		Fixation	2600	814	489	815	480	0.741	0.742	0.743	0.719
39940	66		Fixation	2600	814	489	815	486	0.741	0.742	0.743	0.734
39973	66		Fixation	2600	814	489	815	486	0.741	0.742	0.743	0.734
40007	66		Fixation	2600	814	489	818	490	0.741	0.742	0.749	0.744
40040	66		Fixation	2600	814	489	817	490	0.741	0.742	0.747	0.744
40073	66		Fixation	2600	814	489	816	495	0.741	0.742	0.745	0.757
40107	66		Fixation	2600	814	489	815	494	0.741	0.742	0.743	0.754
40140	66		Fixation	2600	814	489	816	494	0.741	0.742	0.745	0.754
40173	66		Fixation	2600	814	489	819	497	0.741	0.742	0.751	0.762
40207	66		Fixation	2600	814	489	815	496	0.741	0.742	0.743	0.759
40240	66		Fixation	2600	814	489	819	494	0.741	0.742	0.751	0.754
40273	66		Fixation	2600	814	489	817	493	0.741	0.742	0.747	0.752
40307	66		Fixation	2600	814	489	817	492	0.741	0.742	0.747	0.749
40340	66		Fixation	2600	814	489	815	491	0.741	0.742	0.743	0.747
40373	66		Fixation	2600	814	489	815	492	0.741	0.742	0.743	0.749
40407	66		Fixation	2600	814	489	814	492	0.741	0.742	0.741	0.749
40440	66		Fixation	2600	814	489	814	492	0.741	0.742	0.741	0.749
40473	66		Fixation	2600	814	489	812	494	0.741	0.742	0.737	0.754
40507	66		Fixation	2600	814	489	809	493	0.741	0.742	0.732	0.752
40540	66		Fixation	2600	814	489	810	495	0.741	0.742	0.733	0.757
40573	66		Fixation	2600	814	489	811	495	0.741	0.742	0.735	0.757
40607	66		Fixation	2600	814	489	812	494	0.741	0.742	0.737	0.754
40640	66		Fixation	2600	814	489	814	495	0.741	0.742	0.741	0.757
40673	66		Fixation	2600	814	489	814	492	0.741	0.742	0.741	0.749
40707	66		Fixation	2600	814	489	814	491	0.741	0.742	0.741	0.747
40740	66		Fixation	2600	814	489	816	490	0.741	0.742	0.745	0.744
40773	66		Fixation	2600	814	489	813	488	0.741	0.742	0.739	0.739
40807	66		Fixation	2600	814	489	815	489	0.741	0.742	0.743	0.742
40840	66		Fixation	2600	814	489	814	487	0.741	0.742	0.741	0.737
40873	66		Fixation	2600	814	489	816	490	0.741	0.742	0.745	0.744
40907	66		Fixation	2600	814	489	814	490	0.741	0.742	0.741	0.744
40940	66		Fixation	2600	814	489	815	491	0.741	0.742	0.743	0.747
40973	66		Fixation	2600	814	489	815	490	0.741	0.742	0.743	0.744
41007	66		Fixation	2600	814	489	817	489	0.741	0.742	0.747	0.742
41040	66		Fixation	2600	814	489	816	490	0.741	0.742	0.745	0.744
41073	66		Fixation	2600	814	489	816	491	0.741	0.742	0.745	0.747
41107	66		Fixation	2600	814	489	814	490	0.741	0.742	0.741	0.744
41140	66		Fixation	2600	814	489	813	488	0.741	0.742	0.739	0.739
41173	66		Fixation	2600	814	489	813	485	0.741	0.742	0.739	0.731
41207	66		Fixation	2600	814	489	814	484	0.741	0.742	0.741	0.729
41240	66		Fixation	2600	814	489	813	484	0.741	0.742	0.739	0.729
41273	66		Fixation	2600	814	489	814	482	0.741	0.742	0.741	0.724
41307	66		Fixation	2600	814	489	815	483	0.741	0.742	0.743	0.726
41340	66		Fixation	2600	814	489	815	483	0.741	0.742	0.743	0.726
41373	66		Fixation	2600	814	489	815	484	0.741	0.742	0.743	0.729
41407	66		Fixation	2600	814	489	816	485	0.741	0.742	0.745	0.732
41440	66		Fixation	2600	814	489	815	485	0.741	0.742	0.743	0.732
41473	66		Fixation	2600	814	489	815	487	0.741	0.742	0.743	0.737
41507	66		Fixation	2600	814	489	816	485	0.741	0.742	0.745	0.732
41540	66		Fixation	2600	814	489	816	487	0.741	0.742	0.745	0.737
41573	66		Fixation	2600	814	489	817	485	0.741	0.742	0.747	0.732
41607	66		Fixation	2600	814	489	816	485	0.741	0.742	0.745	0.732
41640	66		Fixation	2600	814	489	813	484	0.741	0.742	0.739	0.729
41673	66		Fixation	2600	814	489	814	485	0.741	0.742	0.741	0.731
41707	66		Fixation	2600	814	489	818	487	0.741	0.742	0.749	0.737
41740	66		Fixation	2600	814	489	814	485	0.741	0.742	0.741	0.731
41773	66		Fixation	2600	814	489	812	485	0.741	0.742	0.737	0.731
41807	66		Fixation	2600	814	489	811	487	0.741	0.742	0.735	0.737
41840	66		Fixation	2600	814	489	810	487	0.741	0.742	0.734	0.737
41873		83	Saccade	67			712	482			0.547	0.722
41907		83	Saccade	67			649	482			0.427	0.721
41940	67		Fixation	167	649	482	650	480	0.427	0.721	0.429	0.716
41973	67		Fixation	167	649	482	651	483	0.427	0.721	0.431	0.724
42007	67		Fixation	167	649	482	652	483	0.427	0.721	0.433	0.724
42040	67		Fixation	167	649	482	648	482	0.427	0.721	0.425	0.721
42073	67		Fixation	167	649	482	646	481	0.427	0.721	0.421	0.719
42107		84	Saccade	67			565	475			0.267	0.702
42140		84	Saccade	67			554	483			0.246	0.723
42173	68		Fixation	67	554	480	553	479	0.246	0.715	0.244	0.712
42207	68		Fixation	67	554	480	555	481	0.246	0.715	0.248	0.718
42240		85	Saccade	33			544	477			0.227	0.707
42273			Unclassified	33			540	475			0.220	0.702
42307		86	Saccade	33			577	474			0.290	0.700
42340			Unclassified	133								
42373			Unclassified	133								
42407			Unclassified	133								
42440			Unclassified	133								
42473			Unclassified	33			505	496			0.153	0.755
42507		87	Saccade	133			516	482			0.174	0.719
42540		87	Saccade	133			537	487			0.214	0.732
42573		87	Saccade	133			542	481			0.223	0.717
42607		87	Saccade	133			529	476			0.199	0.704
42640	69		Fixation	850	547	490	531	482	0.233	0.740	0.203	0.720
42673	69		Fixation	850	547	490	533	486	0.233	0.740	0.206	0.730
42707	69		Fixation	850	547	490	540	491	0.233	0.740	0.220	0.743
42740	69		Fixation	850	547	490	541	493	0.233	0.740	0.221	0.748
42773	69		Fixation	850	547	490	544	493	0.233	0.740	0.227	0.748
42807	69		Fixation	850	547	490	544	492	0.233	0.740	0.227	0.745
42840	69		Fixation	850	547	490	548	493	0.233	0.740	0.235	0.748
42873	69		Fixation	850	547	490	552	495	0.233	0.740	0.242	0.753
42907	69		Fixation	850	547	490	550	490	0.233	0.740	0.239	0.740
42940	69		Fixation	850	547	490	554	494	0.233	0.740	0.246	0.750
42973	69		Fixation	850	547	490	549	489	0.233	0.740	0.237	0.738
43007	69		Fixation	850	547	490	548	484	0.233	0.740	0.235	0.725
43040	69		Fixation	850	547	490	548	489	0.233	0.740	0.235	0.738
43073	69		Fixation	850	547	490	547	487	0.233	0.740	0.233	0.733
43107	69		Fixation	850	547	490	549	486	0.233	0.740	0.237	0.730
43140	69		Fixation	850	547	490	549	489	0.233	0.740	0.237	0.738
43173	69		Fixation	850	547	490	544	491	0.233	0.740	0.227	0.743
43207	69		Fixation	850	547	490	546	493	0.233	0.740	0.231	0.748
43240	69		Fixation	850	547	490	546	493	0.233	0.740	0.231	0.748
43273	69		Fixation	850	547	490	549	496	0.233	0.740	0.237	0.755
43307	69		Fixation	850	547	490	548	491	0.233	0.740	0.235	0.743
43340	69		Fixation	850	547	490	550	493	0.233	0.740	0.239	0.748
43373	69		Fixation	850	547	490	549	491	0.233	0.740	0.237	0.743
43407	69		Fixation	850	547	490	550	490	0.233	0.740	0.239	0.740
43440	69		Fixation	850	547	490	551	491	0.233	0.740	0.241	0.743
43473	69		Fixation	850	547	490	554	491	0.233	0.740	0.246	0.743
43540			Unclassified	17			554	491			0.246	0.743
43573			Unclassified	50			555	489			0.248	0.738
43607			Unclassified	50			554	490			0.246	0.740
43673			Unclassified	17			554	489			0.246	0.738
43707			Unclassified	50			556	490			0.250	0.740
43740			Unclassified	50			555	486			0.248	0.730
43807			Unclassified	17			557	486			0.252	0.730
43840	70		Fixation	167	556	487	558	488	0.250	0.733	0.254	0.735
43873	70		Fixation	167	556	487	558	487	0.250	0.733	0.254	0.733
43907	70		Fixation	167	556	487	556	488	0.250	0.733	0.250	0.735
43940	70		Fixation	167	556	487	557	488	0.250	0.733	0.252	0.735
43973	70		Fixation	167	556	487	551	486	0.250	0.733	0.241	0.730
44007		88	Saccade	33			541	484			0.222	0.725
44040	71		Fixation	100	538	486	540	483	0.216	0.730	0.220	0.722
44073	71		Fixation	100	538	486	537	487	0.216	0.730	0.214	0.732
44107	71		Fixation	100	538	486	536	488	0.216	0.730	0.212	0.735
44140		89	Saccade	33			545	487			0.229	0.733
44173	72		Fixation	2633	548	485	550	487	0.235	0.728	0.239	0.733
44207	72		Fixation	2633	548	485	550	487	0.235	0.728	0.239	0.733
44240	72		Fixation	2633	548	485	549	485	0.235	0.728	0.237	0.728
44273	72		Fixation	2633	548	485	549	485	0.235	0.728	0.237	0.728
44307	72		Fixation	2633	548	485	552	486	0.235	0.728	0.242	0.730
44340	72		Fixation	2633	548	485	549	485	0.235	0.728	0.237	0.728
44373	72		Fixation	2633	548	485	547	483	0.235	0.728	0.233	0.722
44407	72		Fixation	2633	548	485	547	482	0.235	0.728	0.233	0.720
44440	72		Fixation	2633	548	485	547	483	0.235	0.728	0.233	0.722
44473	72		Fixation	2633	548	485	548	483	0.235	0.728	0.235	0.722
44507	72		Fixation	2633	548	485	548	484	0.235	0.728	0.235	0.725
44540	72		Fixation	2633	548	485	549	485	0.235	0.728	0.237	0.728
44573	72		Fixation	2633	548	485	548	483	0.235	0.728	0.235	0.722
44607	72		Fixation	2633	548	485	548	485	0.235	0.728	0.235	0.728
44640	72		Fixation	2633	548	485	548	484	0.235	0.728	0.235	0.725
44673	72		Fixation	2633	548	485	550	485	0.235	0.728	0.239	0.728
44707	72		Fixation	2633	548	485	553	487	0.235	0.728	0.244	0.733
44740	72		Fixation	2633	548	485	553	482	0.235	0.728	0.244	0.720
44773	72		Fixation	2633	548	485	557	483	0.235	0.728	0.252	0.723
44807	72		Fixation	2633	548	485	553	476	0.235	0.728	0.244	0.705
44840	72		Fixation	2633	548	485	555	473	0.235	0.728	0.248	0.697
44873	72		Fixation	2633	548	485	553	476	0.235	0.728	0.244	0.705
44907	72		Fixation	2633	548	485	549	476	0.235	0.728	0.237	0.705
44940	72		Fixation	2633	548	485	548	481	0.235	0.728	0.235	0.717
44973	72		Fixation	2633	548	485	544	482	0.235	0.728	0.227	0.720
